symbol,date,open,high,low,close,startday,id
@CC,2018-01-02,2124.00,2171.00,2086.00,2160.00,4,35539
@CC,2018-01-03,2124.00,2171.00,2086.00,2131.00,5,35642
@CC,2018-01-05,2124.00,2171.00,2060.00,2119.00,2,35331
@CC,2018-01-08,2124.00,2171.00,2060.00,2138.00,3,35434
@CC,2018-01-09,2166.00,2167.00,2060.00,2123.00,4,35540
@CC,2018-01-10,2106.00,2180.00,2060.00,2165.00,5,35643
@CC,2018-01-11,2111.00,2184.00,2090.00,2152.00,6,35815
@CC,2018-01-12,2109.00,2184.00,2094.00,2138.00,2,35332
@CC,2018-01-12,2133.00,2184.00,2115.00,2138.00,3,35435
@CC,2018-01-16,2130.00,2184.00,2118.00,2156.00,4,35541
@CC,2018-01-17,2174.00,2223.00,2118.00,2209.00,5,35644
@CC,2018-01-18,2150.00,2235.00,2118.00,2208.00,6,35816
@CC,2018-01-19,2171.00,2235.00,2125.00,2155.00,2,35333
@CC,2018-01-22,2171.00,2235.00,2125.00,2162.00,3,35436
@CC,2018-01-23,2153.00,2235.00,2140.00,2153.00,4,35542
@CC,2018-01-24,2220.00,2235.00,2132.00,2179.00,5,35645
@CC,2018-01-25,2194.00,2215.00,2132.00,2184.00,6,35817
@CC,2018-01-26,2163.00,2222.00,2132.00,2210.00,2,35334
@CC,2018-01-29,2173.00,2228.00,2132.00,2170.00,3,35437
@CC,2018-01-30,2163.00,2228.00,2132.00,2194.00,4,35543
@CC,2018-01-31,2177.00,2236.00,2158.00,2220.00,5,35646
@CC,2018-02-01,2181.00,2261.00,2158.00,2241.00,6,35818
@CC,2018-02-02,2206.00,2287.00,2158.00,2283.00,2,35335
@CC,2018-02-05,2168.00,2291.00,2167.00,2269.00,3,35438
@CC,2018-02-06,2202.00,2291.00,2198.00,2265.00,4,35544
@CC,2018-02-07,2221.00,2291.00,2210.00,2237.00,5,35647
@CC,2018-02-08,2254.00,2291.00,2212.00,2258.00,6,35819
@CC,2018-02-09,2275.00,2291.00,2212.00,2258.00,2,35336
@CC,2018-02-12,2267.00,2289.00,2189.00,2205.00,3,35439
@CC,2018-02-13,2273.00,2289.00,2189.00,2234.00,4,35545
@CC,2018-02-14,2222.00,2312.00,2189.00,2282.00,5,35648
@CC,2018-02-15,2258.00,2342.00,2189.00,2332.00,6,35820
@CC,2018-02-16,2254.00,2355.00,2189.00,2332.00,2,35337
@CC,2018-02-16,2212.00,2355.00,2203.00,2332.00,3,35440
@CC,2018-02-20,2244.00,2355.00,2218.00,2346.00,4,35546
@CC,2018-02-21,2306.00,2373.00,2292.00,2371.00,5,35649
@CC,2018-02-22,2338.00,2375.00,2308.00,2344.00,6,35821
@CC,2018-02-23,2321.00,2403.00,2314.00,2392.00,2,35338
@CC,2018-02-26,2321.00,2418.00,2314.00,2413.00,3,35441
@CC,2018-02-27,2332.00,2432.00,2322.00,2425.00,4,35547
@CC,2018-02-28,2355.00,2432.00,2339.00,2416.00,5,35650
@CC,2018-03-01,2350.00,2477.00,2348.00,2448.00,6,35822
@CC,2018-03-02,2400.00,2538.00,2358.00,2511.00,2,35339
@CC,2018-03-05,2414.00,2657.00,2377.00,2644.00,3,35442
@CC,2018-03-06,2422.00,2669.00,2377.00,2639.00,4,35548
@CC,2018-03-07,2408.00,2669.00,2394.00,2641.00,5,35651
@CC,2018-03-08,2478.00,2720.00,2449.00,2691.00,6,35823
@CC,2018-03-09,2535.00,2737.00,2529.00,2663.00,2,35340
@CC,2018-03-12,2618.00,2767.00,2602.00,2744.00,3,35443
@CC,2018-03-13,2639.00,2767.00,2622.00,2730.00,4,35549
@CC,2018-03-14,2633.00,2779.00,2625.00,2754.00,5,35652
@CC,2018-03-15,2707.00,2779.00,2642.00,2734.00,6,35824
@CC,2018-03-16,2670.00,2779.00,2651.00,2720.00,2,35341
@CC,2018-03-19,2739.00,2779.00,2637.00,2643.00,3,35444
@CC,2018-03-20,2728.00,2779.00,2628.00,2678.00,4,35550
@CC,2018-03-21,2755.00,2769.00,2628.00,2722.00,5,35653
@CC,2018-03-22,2734.00,2766.00,2628.00,2733.00,6,35825
@CC,2018-03-23,2733.00,2834.00,2628.00,2813.00,2,35342
@CC,2018-03-26,2631.00,2841.00,2628.00,2827.00,3,35445
@CC,2018-03-27,2698.00,2841.00,2670.00,2752.00,4,35551
@CC,2018-03-28,2748.00,2841.00,2688.00,2795.00,5,35654
@CC,2018-03-29,2731.00,2841.00,2688.00,2754.00,6,35826
@CC,2018-04-02,2821.00,2845.00,2688.00,2833.00,3,35446
@CC,2018-04-03,2768.00,2845.00,2675.00,2696.00,4,35552
@CC,2018-04-04,2779.00,2845.00,2638.00,2673.00,5,35655
@CC,2018-04-05,2790.00,2845.00,2631.00,2706.00,6,35827
@CC,2018-04-06,2810.00,2845.00,2631.00,2651.00,2,35343
@CC,2018-04-09,2798.00,2804.00,2627.00,2706.00,3,35447
@CC,2018-04-10,2669.00,2732.00,2627.00,2684.00,4,35553
@CC,2018-04-11,2675.00,2746.00,2627.00,2733.00,5,35656
@CC,2018-04-12,2706.00,2749.00,2627.00,2717.00,6,35828
@CC,2018-04-13,2655.00,2749.00,2627.00,2729.00,2,35344
@CC,2018-04-16,2714.00,2867.00,2656.00,2857.00,3,35448
@CC,2018-04-17,2694.00,2880.00,2667.00,2857.00,4,35554
@CC,2018-04-18,2731.00,3009.00,2705.00,2953.00,5,35657
@CC,2018-04-19,2723.00,3009.00,2705.00,2952.00,6,35829
@CC,2018-04-20,2739.00,3009.00,2716.00,2882.00,2,35345
@CC,2018-04-23,2846.00,3009.00,2837.00,2879.00,3,35449
@CC,2018-04-24,2853.00,3009.00,2849.00,2968.00,4,35555
@CC,2018-04-25,2946.00,3018.00,2851.00,2989.00,5,35658
@CC,2018-04-26,2930.00,3096.00,2851.00,2955.00,6,35830
@CC,2018-04-27,2868.00,3096.00,2851.00,2984.00,2,35346
@CC,2018-04-30,2870.00,3096.00,2870.00,2978.00,3,35450
@CC,2018-05-01,2973.00,3096.00,2882.00,3047.00,4,35556
@CC,2018-05-02,3021.00,3096.00,2882.00,2966.00,5,35659
@CC,2018-05-03,2955.00,3059.00,2882.00,2994.00,6,35831
@CC,2018-05-04,2981.00,3059.00,2892.00,2930.00,2,35347
@CC,2018-05-07,2965.00,3059.00,2904.00,3001.00,3,35451
@CC,2018-05-08,3053.00,3057.00,2904.00,2926.00,4,35557
@CC,2018-05-09,2949.00,3016.00,2839.00,2923.00,5,35660
@CC,2018-05-10,2994.00,3016.00,2839.00,2915.00,6,35832
@CC,2018-05-11,2921.00,3016.00,2839.00,2958.00,2,35348
@CC,2018-05-14,2984.00,3004.00,2839.00,2932.00,3,35452
@CC,2018-05-15,2911.00,3004.00,2815.00,2827.00,4,35558
@CC,2018-05-16,2923.00,3004.00,2782.00,2883.00,5,35661
@CC,2018-05-17,2901.00,3004.00,2779.00,2792.00,6,35833
@CC,2018-05-18,2959.00,3002.00,2768.00,2831.00,2,35349
@CC,2018-05-21,2935.00,2938.00,2762.00,2768.00,3,35453
@CC,2018-05-22,2803.00,2920.00,2728.00,2742.00,4,35559
@CC,2018-05-23,2878.00,2920.00,2728.00,2771.00,5,35662
@CC,2018-05-24,2768.00,2883.00,2728.00,2756.00,6,35834
@CC,2018-05-25,2809.00,2845.00,2706.00,2709.00,2,35350
@CC,2018-05-25,2764.00,2822.00,2706.00,2709.00,3,35454
@CC,2018-05-29,2761.00,2795.00,2641.00,2650.00,4,35560
@CC,2018-05-30,2780.00,2795.00,2641.00,2682.00,5,35663
@CC,2018-05-31,2757.00,2784.00,2597.00,2607.00,6,35835
@CC,2018-06-01,2698.00,2742.00,2566.00,2611.00,2,35351
@CC,2018-06-04,2698.00,2742.00,2479.00,2504.00,3,35455
@CC,2018-06-05,2651.00,2694.00,2431.00,2442.00,4,35561
@CC,2018-06-06,2682.00,2686.00,2411.00,2449.00,5,35664
@CC,2018-06-07,2603.00,2623.00,2406.00,2427.00,6,35836
@CC,2018-06-08,2603.00,2610.00,2406.00,2546.00,2,35352
@CC,2018-06-11,2481.00,2552.00,2406.00,2525.00,3,35456
@CC,2018-06-12,2443.00,2573.00,2406.00,2561.00,4,35562
@CC,2018-06-13,2457.00,2592.00,2406.00,2508.00,5,35665
@CC,2018-06-14,2428.00,2592.00,2415.00,2550.00,6,35837
@CC,2018-06-15,2516.00,2644.00,2466.00,2636.00,2,35353
@CC,2018-06-18,2527.00,2644.00,2497.00,2593.00,3,35457
@CC,2018-06-19,2542.00,2644.00,2497.00,2570.00,4,35563
@CC,2018-06-20,2512.00,2679.00,2508.00,2670.00,5,35666
@CC,2018-06-21,2533.00,2679.00,2510.00,2630.00,6,35838
@CC,2018-06-22,2625.00,2679.00,2543.00,2631.00,2,35354
@CC,2018-06-25,2586.00,2679.00,2543.00,2597.00,3,35458
@CC,2018-06-26,2563.00,2679.00,2541.00,2589.00,4,35564
@CC,2018-06-27,2657.00,2657.00,2472.00,2497.00,5,35667
@CC,2018-06-28,2637.00,2656.00,2458.00,2568.00,6,35839
@CC,2018-06-29,2622.00,2651.00,2458.00,2629.00,2,35355
@CC,2018-07-02,2603.00,2651.00,2458.00,2618.00,3,35459
@CC,2018-07-03,2591.00,2660.00,2458.00,2571.00,4,35565
@CC,2018-07-05,2571.00,2660.00,2531.00,2599.00,6,35840
@CC,2018-07-06,2629.00,2660.00,2520.00,2582.00,2,35356
@CC,2018-07-09,2625.00,2660.00,2520.00,2560.00,3,35460
@CC,2018-07-10,2556.00,2646.00,2520.00,2618.00,4,35566
@CC,2018-07-11,2485.00,2660.00,2458.00,2597.00,5,35668
@CC,2018-07-12,2605.00,2639.00,2520.00,2602.00,6,35841
@CC,2018-07-13,2578.00,2639.00,2534.00,2630.00,2,35357
@CC,2018-07-16,2577.00,2711.00,2506.00,2523.00,3,35461
@CC,2018-07-17,2588.00,2711.00,2477.00,2512.00,4,35567
@CC,2018-07-18,2586.00,2711.00,2438.00,2454.00,5,35669
@CC,2018-07-19,2594.00,2711.00,2405.00,2409.00,6,35842
@CC,2018-07-20,2652.00,2711.00,2397.00,2439.00,2,35358
@CC,2018-07-23,2506.00,2547.00,2393.00,2416.00,3,35462
@CC,2018-07-24,2514.00,2519.00,2363.00,2374.00,4,35568
@CC,2018-07-25,2442.00,2476.00,2350.00,2362.00,5,35670
@CC,2018-07-26,2423.00,2465.00,2350.00,2432.00,6,35843
@CC,2018-07-27,2447.00,2465.00,2329.00,2350.00,2,35359
@CC,2018-07-30,2408.00,2465.00,2329.00,2356.00,3,35463
@CC,2018-07-31,2360.00,2465.00,2269.00,2287.00,4,35569
@CC,2018-08-01,2360.00,2465.00,2180.00,2187.00,5,35671
@CC,2018-08-02,2440.00,2450.00,2170.00,2189.00,6,35844
@CC,2018-08-03,2339.00,2397.00,2156.00,2163.00,2,35360
@CC,2018-08-06,2357.00,2374.00,2152.00,2239.00,3,35464
@CC,2018-08-07,2273.00,2283.00,2152.00,2220.00,4,35570
@CC,2018-08-08,2171.00,2267.00,2152.00,2228.00,5,35672
@CC,2018-08-09,2186.00,2267.00,2152.00,2207.00,6,35845
@CC,2018-08-10,2153.00,2267.00,2152.00,2196.00,2,35361
@CC,2018-08-13,2232.00,2267.00,2186.00,2226.00,3,35465
@CC,2018-08-13,2199.00,2241.00,2186.00,2226.00,6,35846
@CC,2018-08-14,2215.00,2267.00,2186.00,2228.00,4,35571
@CC,2018-08-15,2227.00,2273.00,2186.00,2218.00,5,35673
@CC,2018-08-16,2215.00,2273.00,2199.00,2236.00,6,35745
@CC,2018-08-17,2195.00,2273.00,2195.00,2227.00,2,35362
@CC,2018-08-20,2215.00,2303.00,2199.00,2273.00,3,35466
@CC,2018-08-21,2232.00,2344.00,2211.00,2337.00,4,35572
@CC,2018-08-22,2224.00,2403.00,2213.00,2391.00,5,35674
@CC,2018-08-23,2236.00,2422.00,2213.00,2415.00,6,35746
@CC,2018-08-24,2221.00,2453.00,2214.00,2442.00,2,35363
@CC,2018-08-27,2268.00,2475.00,2252.00,2424.00,3,35467
@CC,2018-08-28,2343.00,2475.00,2333.00,2398.00,4,35573
@CC,2018-08-29,2388.00,2475.00,2361.00,2427.00,5,35675
@CC,2018-08-30,2420.00,2475.00,2343.00,2353.00,6,35747
@CC,2018-08-31,2444.00,2475.00,2332.00,2414.00,2,35364
@CC,2018-08-31,2424.00,2437.00,2332.00,2414.00,3,35468
@CC,2018-09-04,2393.00,2437.00,2332.00,2410.00,4,35574
@CC,2018-09-05,2429.00,2450.00,2332.00,2389.00,5,35676
@CC,2018-09-06,2349.00,2450.00,2332.00,2359.00,6,35748
@CC,2018-09-07,2363.00,2450.00,2324.00,2337.00,2,35365
@CC,2018-09-10,2363.00,2450.00,2324.00,2378.00,3,35469
@CC,2018-09-11,2388.00,2450.00,2324.00,2362.00,4,35575
@CC,2018-09-12,2392.00,2419.00,2324.00,2403.00,5,35677
@CC,2018-09-13,2359.00,2419.00,2324.00,2393.00,6,35749
@CC,2018-09-14,2335.00,2419.00,2283.00,2297.00,2,35366
@CC,2018-09-17,2388.00,2419.00,2283.00,2314.00,3,35470
@CC,2018-09-18,2364.00,2419.00,2283.00,2320.00,4,35576
@CC,2018-09-19,2403.00,2415.00,2264.00,2273.00,5,35678
@CC,2018-09-20,2397.00,2405.00,2264.00,2279.00,6,35750
@CC,2018-09-21,2301.00,2376.00,2233.00,2245.00,2,35367
@CC,2018-09-24,2316.00,2359.00,2233.00,2313.00,3,35471
@CC,2018-09-25,2332.00,2354.00,2233.00,2273.00,4,35577
@CC,2018-09-26,2272.00,2336.00,2225.00,2229.00,5,35679
@CC,2018-09-27,2280.00,2336.00,2189.00,2192.00,6,35751
@CC,2018-09-28,2238.00,2336.00,2131.00,2135.00,2,35368
@CC,2018-10-01,2296.00,2330.00,2060.00,2068.00,3,35472
@CC,2018-10-02,2271.00,2290.00,2060.00,2164.00,4,35578
@CC,2018-10-03,2239.00,2254.00,2060.00,2097.00,5,35680
@CC,2018-10-04,2193.00,2214.00,2060.00,2088.00,6,35752
@CC,2018-10-05,2131.00,2175.00,2060.00,2102.00,2,35369
@CC,2018-10-08,2082.00,2183.00,2080.00,2164.00,3,35473
@CC,2018-10-09,2168.00,2206.00,2081.00,2197.00,4,35579
@CC,2018-10-10,2090.00,2209.00,2081.00,2166.00,5,35681
@CC,2018-10-11,2086.00,2209.00,2086.00,2175.00,6,35753
@CC,2018-10-12,2119.00,2242.00,2109.00,2238.00,2,35370
@CC,2018-10-15,2172.00,2256.00,2141.00,2219.00,3,35474
@CC,2018-10-16,2194.00,2300.00,2141.00,2272.00,4,35580
@CC,2018-10-17,2158.00,2310.00,2141.00,2304.00,5,35682
@CC,2018-10-18,2188.00,2310.00,2161.00,2223.00,6,35754
@CC,2018-10-19,2249.00,2310.00,2161.00,2240.00,2,35371
@CC,2018-10-22,2209.00,2310.00,2191.00,2298.00,3,35475
@CC,2018-10-23,2289.00,2310.00,2191.00,2265.00,4,35581
@CC,2018-10-24,2291.00,2306.00,2191.00,2215.00,5,35683
@CC,2018-10-25,2229.00,2306.00,2191.00,2287.00,6,35755
@CC,2018-10-26,2251.00,2359.00,2211.00,2329.00,2,35372
@CC,2018-10-29,2284.00,2359.00,2211.00,2273.00,3,35476
@CC,2018-10-30,2268.00,2359.00,2211.00,2293.00,4,35582
@CC,2018-10-31,2225.00,2359.00,2222.00,2312.00,5,35684
@CC,2018-11-01,2293.00,2370.00,2247.00,2342.00,6,35756
@CC,2018-11-02,2329.00,2370.00,2247.00,2345.00,2,35373
@CC,2018-11-05,2277.00,2401.00,2247.00,2390.00,3,35477
@CC,2018-11-06,2298.00,2461.00,2268.00,2457.00,4,35583
@CC,2018-11-07,2313.00,2474.00,2303.00,2461.00,5,35685
@CC,2018-11-08,2341.00,2474.00,2306.00,2343.00,6,35757
@CC,2018-11-09,2343.00,2474.00,2320.00,2338.00,2,35374
@CC,2018-11-12,2391.00,2474.00,2288.00,2299.00,3,35478
@CC,2018-11-13,2468.00,2474.00,2263.00,2306.00,4,35584
@CC,2018-11-14,2441.00,2456.00,2236.00,2261.00,5,35686
@CC,2018-11-15,2349.00,2368.00,2236.00,2270.00,6,35758
@CC,2018-11-16,2315.00,2349.00,2236.00,2285.00,2,35375
@CC,2018-11-19,2304.00,2322.00,2234.00,2257.00,3,35479
@CC,2018-11-20,2304.00,2322.00,2223.00,2241.00,4,35585
@CC,2018-11-21,2253.00,2322.00,2183.00,2196.00,5,35687
@CC,2018-11-23,2299.00,2309.00,2171.00,2173.00,2,35376
@CC,2018-11-26,2238.00,2268.00,2155.00,2167.00,3,35480
@CC,2018-11-27,2238.00,2238.00,2155.00,2196.00,4,35586
@CC,2018-11-28,2185.00,2217.00,2155.00,2172.00,5,35688
@CC,2018-11-29,2270.00,2322.00,2155.00,2216.00,6,35759
@CC,2018-11-30,2183.00,2262.00,2155.00,2254.00,2,35377
@CC,2018-12-03,2166.00,2268.00,2157.00,2254.00,3,35481
@CC,2018-12-04,2187.00,2268.00,2157.00,2238.00,4,35587
@CC,2018-12-05,2171.00,2268.00,2146.00,2161.00,5,35689
@CC,2018-12-06,2219.00,2268.00,2146.00,2179.00,6,35760
@CC,2018-12-07,2259.00,2298.00,2146.00,2276.00,2,35378
@CC,2018-12-10,2254.00,2298.00,2146.00,2257.00,3,35482
@CC,2018-12-11,2226.00,2298.00,2146.00,2167.00,4,35588
@CC,2018-12-12,2168.00,2298.00,2149.00,2213.00,5,35690
@CC,2018-12-13,2185.00,2306.00,2149.00,2301.00,6,35761
@CC,2018-12-14,2271.00,2330.00,2149.00,2288.00,2,35379
@CC,2018-12-17,2254.00,2330.00,2149.00,2281.00,3,35483
@CC,2018-12-18,2174.00,2363.00,2166.00,2322.00,4,35589
@CC,2018-12-19,2219.00,2370.00,2210.00,2368.00,5,35691
@CC,2018-12-20,2289.00,2370.00,2255.00,2322.00,6,35762
@CC,2018-12-21,2278.00,2370.00,2255.00,2322.00,2,35380
@CC,2018-12-24,2281.00,2396.00,2272.00,2366.00,3,35484
@CC,2018-12-26,2368.00,2487.00,2272.00,2480.00,5,35692
@CC,2018-12-27,2331.00,2487.00,2272.00,2424.00,6,35763
@CC,2018-12-28,2327.00,2487.00,2307.00,2459.00,2,35381
@CC,2018-12-31,2367.00,2490.00,2360.00,2467.00,3,35485
@CC,2019-01-02,2436.00,2490.00,2393.00,2445.00,5,35693
@CC,2019-01-03,2420.00,2490.00,2393.00,2451.00,6,35764
@CC,2019-01-04,2461.00,2490.00,2365.00,2412.00,2,35382
@CC,2019-01-07,2470.00,2475.00,2365.00,2461.00,3,35486
@CC,2019-01-08,2341.00,2490.00,2272.00,2433.00,4,35590
@CC,2019-01-09,2447.00,2474.00,2365.00,2402.00,5,35694
@CC,2019-01-10,2450.00,2464.00,2365.00,2420.00,6,35765
@CC,2019-01-11,2413.00,2464.00,2378.00,2407.00,2,35383
@CC,2019-01-14,2440.00,2450.00,2378.00,2392.00,3,35487
@CC,2019-01-15,2430.00,2447.00,2310.00,2325.00,4,35591
@CC,2019-01-16,2382.00,2447.00,2310.00,2373.00,5,35695
@CC,2019-01-17,2423.00,2447.00,2310.00,2386.00,6,35766
@CC,2019-01-18,2409.00,2436.00,2310.00,2358.00,2,35384
@CC,2019-01-18,2395.00,2419.00,2310.00,2358.00,3,35488
@CC,2019-01-22,2344.00,2419.00,2277.00,2297.00,4,35592
@CC,2019-01-23,2373.00,2419.00,2277.00,2296.00,5,35696
@CC,2019-01-24,2399.00,2406.00,2277.00,2307.00,6,35767
@CC,2019-01-25,2345.00,2354.00,2269.00,2276.00,2,35385
@CC,2019-01-28,2345.00,2355.00,2269.00,2301.00,3,35489
@CC,2019-01-29,2300.00,2355.00,2257.00,2266.00,4,35593
@CC,2019-01-30,2295.00,2355.00,2214.00,2227.00,5,35697
@CC,2019-01-31,2307.00,2355.00,2212.00,2219.00,6,35768
@CC,2019-02-01,2278.00,2355.00,2212.00,2219.00,2,35386
@CC,2019-02-04,2303.00,2335.00,2212.00,2279.00,3,35490
@CC,2019-02-05,2268.00,2298.00,2212.00,2270.00,4,35594
@CC,2019-02-06,2234.00,2328.00,2212.00,2308.00,5,35698
@CC,2019-02-07,2224.00,2328.00,2216.00,2272.00,6,35769
@CC,2019-02-08,2223.00,2328.00,2220.00,2247.00,2,35387
@CC,2019-02-11,2271.00,2328.00,2239.00,2277.00,3,35491
@CC,2019-02-12,2299.00,2328.00,2239.00,2282.00,4,35595
@CC,2019-02-13,2318.00,2322.00,2239.00,2299.00,5,35699
@CC,2019-02-14,2276.00,2322.00,2241.00,2282.00,6,35770
@CC,2019-02-15,2243.00,2357.00,2242.00,2351.00,2,35388
@CC,2019-02-15,2274.00,2357.00,2258.00,2351.00,3,35492
@CC,2019-02-19,2277.00,2381.00,2258.00,2362.00,4,35596
@CC,2019-02-20,2295.00,2381.00,2263.00,2329.00,5,35700
@CC,2019-02-21,2287.00,2381.00,2253.00,2287.00,6,35771
@CC,2019-02-22,2366.00,2381.00,2253.00,2300.00,2,35389
@CC,2019-02-25,2366.00,2381.00,2253.00,2268.00,3,35493
@CC,2019-02-26,2366.00,2371.00,2253.00,2288.00,4,35597
@CC,2019-02-27,2331.00,2354.00,2253.00,2325.00,5,35701
@CC,2019-02-28,2287.00,2348.00,2245.00,2259.00,6,35772
@CC,2019-03-01,2303.00,2329.00,2225.00,2229.00,2,35390
@CC,2019-03-04,2268.00,2329.00,2160.00,2168.00,3,35494
@CC,2019-03-05,2292.00,2329.00,2155.00,2169.00,4,35598
@CC,2019-03-06,2317.00,2327.00,2155.00,2257.00,5,35702
@CC,2019-03-07,2253.00,2291.00,2155.00,2194.00,6,35773
@CC,2019-03-08,2220.00,2282.00,2155.00,2210.00,2,35391
@CC,2019-03-11,2160.00,2282.00,2155.00,2214.00,3,35495
@CC,2019-03-12,2176.00,2282.00,2167.00,2229.00,4,35599
@CC,2019-03-13,2254.00,2254.00,2176.00,2228.00,5,35703
@CC,2019-03-14,2199.00,2278.00,2182.00,2226.00,6,35774
@CC,2019-03-15,2211.00,2278.00,2182.00,2209.00,2,35392
@CC,2019-03-18,2213.00,2278.00,2182.00,2208.00,3,35496
@CC,2019-03-19,2225.00,2278.00,2184.00,2214.00,4,35600
@CC,2019-03-20,2227.00,2278.00,2149.00,2155.00,5,35704
@CC,2019-03-21,2227.00,2257.00,2125.00,2144.00,6,35775
@CC,2019-03-22,2211.00,2257.00,2125.00,2171.00,2,35393
@CC,2019-03-25,2201.00,2257.00,2125.00,2228.00,3,35497
@CC,2019-03-26,2202.00,2280.00,2125.00,2249.00,4,35601
@CC,2019-03-27,2154.00,2280.00,2125.00,2260.00,5,35705
@CC,2019-03-28,2142.00,2290.00,2139.00,2269.00,6,35776
@CC,2019-03-29,2171.00,2298.00,2158.00,2292.00,2,35394
@CC,2019-04-01,2235.00,2365.00,2221.00,2339.00,3,35498
@CC,2019-04-02,2237.00,2385.00,2224.00,2368.00,4,35602
@CC,2019-04-03,2250.00,2406.00,2244.00,2388.00,5,35706
@CC,2019-04-04,2266.00,2441.00,2258.00,2427.00,6,35777
@CC,2019-04-05,2302.00,2441.00,2288.00,2425.00,2,35395
@CC,2019-04-08,2342.00,2455.00,2321.00,2442.00,3,35499
@CC,2019-04-09,2386.00,2455.00,2361.00,2448.00,4,35603
@CC,2019-04-10,2400.00,2455.00,2376.00,2453.00,5,35707
@CC,2019-04-11,2421.00,2464.00,2399.00,2408.00,6,35778
@CC,2019-04-12,2426.00,2464.00,2399.00,2437.00,2,35396
@CC,2019-04-15,2430.00,2464.00,2399.00,2426.00,3,35500
@CC,2019-04-16,2448.00,2464.00,2344.00,2376.00,4,35604
@CC,2019-04-17,2449.00,2464.00,2344.00,2433.00,5,35708
@CC,2019-04-18,2408.00,2451.00,2344.00,2402.00,6,35779
@CC,2019-04-22,2436.00,2443.00,2344.00,2372.00,3,35501
@CC,2019-04-23,2380.00,2443.00,2305.00,2322.00,4,35605
@CC,2019-04-24,2420.00,2443.00,2264.00,2278.00,5,35709
@CC,2019-04-25,2405.00,2421.00,2264.00,2315.00,6,35780
@CC,2019-04-26,2430.00,2451.00,2264.00,2365.00,2,35397
@CC,2019-04-29,2368.00,2416.00,2264.00,2413.00,3,35502
@CC,2019-04-30,2320.00,2437.00,2264.00,2389.00,4,35606
@CC,2019-05-01,2282.00,2437.00,2273.00,2345.00,5,35710
@CC,2019-05-02,2308.00,2437.00,2294.00,2404.00,6,35781
@CC,2019-05-03,2362.00,2437.00,2340.00,2409.00,2,35398
@CC,2019-05-06,2413.00,2437.00,2340.00,2370.00,3,35503
@CC,2019-05-07,2395.00,2430.00,2316.00,2331.00,4,35607
@CC,2019-05-08,2341.00,2430.00,2316.00,2335.00,5,35711
@CC,2019-05-09,2395.00,2430.00,2309.00,2366.00,6,35782
@CC,2019-05-10,2381.00,2416.00,2309.00,2342.00,2,35399
@CC,2019-05-13,2378.00,2384.00,2309.00,2317.00,3,35504
@CC,2019-05-14,2329.00,2382.00,2309.00,2323.00,4,35608
@CC,2019-05-15,2332.00,2382.00,2256.00,2351.00,5,35712
@CC,2019-05-16,2359.00,2409.00,2256.00,2402.00,6,35783
@CC,2019-05-17,2337.00,2409.00,2256.00,2383.00,2,35400
@CC,2019-05-20,2319.00,2423.00,2256.00,2417.00,3,35505
@CC,2019-05-21,2323.00,2483.00,2256.00,2476.00,4,35609
@CC,2019-05-22,2351.00,2483.00,2333.00,2443.00,5,35713
@CC,2019-05-23,2405.00,2483.00,2362.00,2456.00,6,35784
@CC,2019-05-24,2383.00,2508.00,2362.00,2497.00,2,35401
@CC,2019-05-24,2421.00,2508.00,2404.00,2497.00,3,35506
@CC,2019-05-28,2477.00,2508.00,2422.00,2480.00,4,35610
@CC,2019-05-29,2445.00,2508.00,2422.00,2468.00,5,35714
@CC,2019-05-30,2461.00,2508.00,2435.00,2458.00,6,35785
@CC,2019-05-31,2492.00,2508.00,2423.00,2430.00,2,35402
@CC,2019-06-03,2492.00,2508.00,2367.00,2381.00,3,35507
@CC,2019-06-04,2483.00,2503.00,2337.00,2390.00,4,35611
@CC,2019-06-05,2473.00,2484.00,2337.00,2431.00,5,35715
@CC,2019-06-06,2458.00,2475.00,2337.00,2457.00,6,35786
@CC,2019-06-07,2441.00,2512.00,2337.00,2508.00,2,35403
@CC,2019-06-10,2398.00,2548.00,2337.00,2545.00,3,35508
@CC,2019-06-11,2403.00,2579.00,2369.00,2546.00,4,35612
@CC,2019-06-12,2407.00,2594.00,2406.00,2583.00,5,35716
@CC,2019-06-13,2461.00,2594.00,2439.00,2552.00,6,35787
@CC,2019-06-14,2508.00,2594.00,2489.00,2538.00,2,35404
@CC,2019-06-17,2545.00,2594.00,2490.00,2521.00,3,35509
@CC,2019-06-18,2569.00,2594.00,2490.00,2542.00,4,35613
@CC,2019-06-19,2561.00,2579.00,2490.00,2555.00,5,35717
@CC,2019-06-20,2552.00,2579.00,2486.00,2488.00,6,35788
@CC,2019-06-21,2540.00,2579.00,2486.00,2544.00,2,35405
@CC,2019-06-24,2525.00,2579.00,2486.00,2529.00,3,35510
@CC,2019-06-25,2537.00,2579.00,2486.00,2506.00,4,35614
@CC,2019-06-26,2572.00,2579.00,2486.00,2503.00,5,35718
@CC,2019-06-27,2489.00,2575.00,2462.00,2495.00,6,35789
@CC,2019-06-28,2552.00,2575.00,2462.00,2467.00,2,35406
@CC,2019-07-01,2534.00,2552.00,2462.00,2543.00,3,35511
@CC,2019-07-02,2522.00,2551.00,2462.00,2514.00,4,35615
@CC,2019-07-03,2510.00,2551.00,2462.00,2475.00,5,35719
@CC,2019-07-05,2477.00,2551.00,2472.00,2505.00,2,35407
@CC,2019-07-08,2539.00,2631.00,2472.00,2619.00,3,35512
@CC,2019-07-09,2509.00,2631.00,2472.00,2564.00,4,35616
@CC,2019-07-10,2510.00,2631.00,2478.00,2551.00,5,35720
@CC,2019-07-11,2503.00,2631.00,2465.00,2533.00,6,35790
@CC,2019-07-12,2512.00,2631.00,2507.00,2545.00,2,35408
@CC,2019-07-15,2609.00,2617.00,2450.00,2462.00,3,35513
@CC,2019-07-16,2576.00,2602.00,2433.00,2471.00,4,35617
@CC,2019-07-17,2567.00,2570.00,2433.00,2466.00,5,35721
@CC,2019-07-18,2539.00,2563.00,2433.00,2482.00,6,35791
@CC,2019-07-19,2537.00,2539.00,2433.00,2509.00,2,35409
@CC,2019-07-22,2452.00,2580.00,2433.00,2574.00,3,35514
@CC,2019-07-23,2487.00,2580.00,2458.00,2517.00,4,35618
@CC,2019-07-24,2474.00,2580.00,2471.00,2505.00,5,35722
@CC,2019-07-25,2489.00,2580.00,2465.00,2476.00,6,35792
@CC,2019-07-26,2528.00,2580.00,2429.00,2431.00,2,35410
@CC,2019-07-29,2558.00,2564.00,2408.00,2425.00,3,35515
@CC,2019-07-30,2519.00,2542.00,2403.00,2421.00,4,35619
@CC,2019-07-31,2505.00,2512.00,2374.00,2387.00,5,35723
@CC,2019-08-01,2485.00,2494.00,2355.00,2371.00,6,35793
@CC,2019-08-02,2427.00,2448.00,2349.00,2362.00,2,35411
@CC,2019-08-05,2425.00,2448.00,2322.00,2350.00,3,35516
@CC,2019-08-06,2420.00,2426.00,2288.00,2294.00,4,35620
@CC,2019-08-07,2380.00,2408.00,2259.00,2266.00,5,35724
@CC,2019-08-08,2382.00,2396.00,2236.00,2247.00,6,35794
@CC,2019-08-09,2361.00,2378.00,2232.00,2235.00,2,35412
@CC,2019-08-12,2342.00,2346.00,2232.00,2238.00,3,35517
@CC,2019-08-13,2305.00,2305.00,2193.00,2199.00,4,35621
@CC,2019-08-14,2273.00,2274.00,2184.00,2197.00,5,35725
@CC,2019-08-15,2247.00,2272.00,2184.00,2191.00,6,35795
@CC,2019-08-16,2246.00,2272.00,2163.00,2180.00,2,35413
@CC,2019-08-19,2243.00,2243.00,2163.00,2184.00,3,35518
@CC,2019-08-20,2193.00,2221.00,2158.00,2167.00,4,35622
@CC,2019-08-21,2214.00,2221.00,2158.00,2200.00,5,35726
@CC,2019-08-22,2189.00,2233.00,2158.00,2223.00,6,35796
@CC,2019-08-23,2177.00,2250.00,2158.00,2231.00,2,35414
@CC,2019-08-26,2175.00,2272.00,2158.00,2231.00,3,35519
@CC,2019-08-27,2170.00,2272.00,2167.00,2240.00,4,35623
@CC,2019-08-28,2201.00,2272.00,2192.00,2236.00,5,35727
@CC,2019-08-29,2216.00,2272.00,2170.00,2178.00,6,35797
@CC,2019-08-30,2229.00,2272.00,2170.00,2215.00,2,35415
@CC,2019-08-30,2228.00,2254.00,2170.00,2215.00,3,35520
@CC,2019-09-03,2227.00,2247.00,2170.00,2238.00,4,35624
@CC,2019-09-04,2229.00,2283.00,2170.00,2262.00,5,35728
@CC,2019-09-05,2173.00,2283.00,2173.00,2238.00,6,35798
@CC,2019-09-06,2203.00,2283.00,2180.00,2270.00,2,35416
@CC,2019-09-09,2203.00,2310.00,2180.00,2297.00,3,35521
@CC,2019-09-10,2241.00,2310.00,2222.00,2280.00,4,35625
@CC,2019-09-11,2271.00,2310.00,2222.00,2297.00,5,35729
@CC,2019-09-12,2226.00,2319.00,2222.00,2312.00,6,35799
@CC,2019-09-13,2266.00,2362.00,2252.00,2330.00,2,35417
@CC,2019-09-16,2301.00,2383.00,2267.00,2376.00,3,35522
@CC,2019-09-17,2280.00,2398.00,2267.00,2387.00,4,35626
@CC,2019-09-18,2301.00,2406.00,2287.00,2394.00,5,35730
@CC,2019-09-19,2319.00,2464.00,2315.00,2461.00,6,35800
@CC,2019-09-20,2330.00,2477.00,2316.00,2466.00,2,35418
@CC,2019-09-23,2371.00,2477.00,2361.00,2447.00,3,35523
@CC,2019-09-24,2391.00,2477.00,2373.00,2432.00,4,35627
@CC,2019-09-25,2402.00,2477.00,2397.00,2462.00,5,35731
@CC,2019-09-26,2460.00,2506.00,2426.00,2498.00,6,35801
@CC,2019-09-27,2472.00,2507.00,2426.00,2483.00,2,35419
@CC,2019-09-30,2452.00,2507.00,2426.00,2435.00,3,35524
@CC,2019-10-01,2433.00,2507.00,2428.00,2446.00,4,35628
@CC,2019-10-02,2466.00,2507.00,2433.00,2475.00,5,35732
@CC,2019-10-03,2497.00,2522.00,2433.00,2513.00,6,35802
@CC,2019-10-04,2482.00,2528.00,2433.00,2468.00,2,35420
@CC,2019-10-07,2446.00,2528.00,2389.00,2415.00,3,35525
@CC,2019-10-08,2461.00,2528.00,2384.00,2441.00,4,35629
@CC,2019-10-09,2478.00,2528.00,2384.00,2400.00,5,35733
@CC,2019-10-10,2525.00,2528.00,2384.00,2453.00,6,35803
@CC,2019-10-11,2463.00,2551.00,2384.00,2499.00,2,35421
@CC,2019-10-14,2409.00,2551.00,2384.00,2442.00,3,35526
@CC,2019-10-15,2440.00,2551.00,2391.00,2515.00,4,35630
@CC,2019-10-16,2398.00,2551.00,2397.00,2508.00,5,35734
@CC,2019-10-17,2447.00,2551.00,2433.00,2481.00,6,35804
@CC,2019-10-18,2486.00,2541.00,2433.00,2479.00,2,35422
@CC,2019-10-21,2452.00,2541.00,2444.00,2467.00,3,35527
@CC,2019-10-22,2498.00,2541.00,2436.00,2441.00,4,35631
@CC,2019-10-23,2514.00,2541.00,2410.00,2450.00,5,35735
@CC,2019-10-24,2508.00,2531.00,2410.00,2456.00,6,35805
@CC,2019-10-25,2484.00,2498.00,2410.00,2428.00,2,35423
@CC,2019-10-28,2465.00,2492.00,2410.00,2456.00,3,35528
@CC,2019-10-29,2449.00,2492.00,2410.00,2478.00,4,35632
@CC,2019-10-30,2456.00,2499.00,2413.00,2447.00,5,35736
@CC,2019-10-31,2460.00,2499.00,2386.00,2396.00,6,35806
@CC,2019-11-01,2433.00,2499.00,2379.00,2471.00,2,35424
@CC,2019-11-04,2454.00,2503.00,2379.00,2479.00,3,35529
@CC,2019-11-05,2474.00,2503.00,2379.00,2477.00,4,35633
@CC,2019-11-06,2458.00,2503.00,2379.00,2437.00,5,35737
@CC,2019-11-07,2396.00,2503.00,2379.00,2433.00,6,35807
@CC,2019-11-08,2458.00,2505.00,2400.00,2496.00,2,35425
@CC,2019-11-11,2476.00,2516.00,2400.00,2512.00,3,35530
@CC,2019-11-12,2484.00,2635.00,2400.00,2618.00,4,35634
@CC,2019-11-13,2440.00,2673.00,2400.00,2653.00,5,35738
@CC,2019-11-14,2433.00,2684.00,2431.00,2667.00,6,35808
@CC,2019-11-15,2492.00,2690.00,2474.00,2679.00,2,35426
@CC,2019-11-18,2504.00,2692.00,2499.00,2662.00,3,35531
@CC,2019-11-19,2604.00,2692.00,2600.00,2651.00,4,35635
@CC,2019-11-20,2673.00,2692.00,2611.00,2626.00,5,35739
@CC,2019-11-21,2670.00,2692.00,2604.00,2640.00,6,35809
@CC,2019-11-22,2684.00,2692.00,2604.00,2615.00,2,35427
@CC,2019-11-25,2671.00,2676.00,2592.00,2596.00,3,35532
@CC,2019-11-26,2656.00,2673.00,2592.00,2654.00,4,35636
@CC,2019-11-27,2626.00,2673.00,2570.00,2595.00,5,35740
@CC,2019-11-29,2621.00,2673.00,2551.00,2566.00,2,35428
@CC,2019-12-02,2602.00,2673.00,2527.00,2542.00,3,35533
@CC,2019-12-03,2649.00,2670.00,2527.00,2563.00,4,35637
@CC,2019-12-04,2590.00,2608.00,2527.00,2545.00,5,35741
@CC,2019-12-05,2634.00,2673.00,2527.00,2578.00,6,35810
@CC,2019-12-06,2562.00,2653.00,2527.00,2605.00,2,35429
@CC,2019-12-09,2548.00,2653.00,2535.00,2599.00,3,35534
@CC,2019-12-10,2564.00,2653.00,2540.00,2583.00,4,35638
@CC,2019-12-11,2557.00,2653.00,2548.00,2566.00,5,35742
@CC,2019-12-12,2587.00,2653.00,2510.00,2519.00,6,35811
@CC,2019-12-13,2618.00,2618.00,2510.00,2570.00,2,35430
@CC,2019-12-16,2602.00,2613.00,2510.00,2543.00,3,35535
@CC,2019-12-17,2581.00,2610.00,2510.00,2532.00,4,35639
@CC,2019-12-18,2568.00,2610.00,2481.00,2504.00,5,35743
@CC,2019-12-19,2544.00,2610.00,2424.00,2433.00,6,35812
@CC,2019-12-20,2554.00,2610.00,2403.00,2415.00,2,35431
@CC,2019-12-23,2529.00,2553.00,2386.00,2425.00,3,35536
@CC,2019-12-24,2526.00,2547.00,2386.00,2441.00,4,35640
@CC,2019-12-26,2432.00,2448.00,2386.00,2403.00,6,35813
@CC,2019-12-27,2407.00,2514.00,2386.00,2495.00,2,35432
@CC,2019-12-30,2423.00,2514.00,2395.00,2461.00,3,35537
@CC,2019-12-31,2482.00,2543.00,2456.00,2538.00,2,35433
@CC,2019-12-31,2463.00,2543.00,2463.00,2538.00,3,35538
@CC,2019-12-31,2429.00,2543.00,2395.00,2538.00,4,35641
@CC,2019-12-31,2504.00,2543.00,2386.00,2538.00,5,35744
@CC,2019-12-31,2124.00,2543.00,2060.00,2538.00,6,35814
@KC,2018-01-02,155.50,160.15,155.50,159.70,4,35023
@KC,2018-01-03,155.50,160.85,155.50,158.10,5,35126
@KC,2018-01-04,155.50,160.85,155.50,159.05,6,35229
@KC,2018-01-05,155.50,160.85,155.50,157.95,2,34815
@KC,2018-01-08,155.50,160.85,153.80,154.65,3,34918
@KC,2018-01-09,159.50,160.85,152.10,154.65,4,35024
@KC,2018-01-10,157.70,159.15,152.10,153.45,5,35127
@KC,2018-01-11,158.70,159.05,151.65,152.30,6,35230
@KC,2018-01-12,157.10,157.15,150.40,151.75,2,34816
@KC,2018-01-12,154.80,155.45,150.40,151.75,3,34919
@KC,2018-01-16,154.95,155.45,149.35,149.95,4,35025
@KC,2018-01-17,153.45,153.50,149.35,152.60,5,35128
@KC,2018-01-18,152.30,153.40,149.35,150.60,6,35231
@KC,2018-01-19,151.30,153.40,149.10,150.75,2,34817
@KC,2018-01-22,151.30,153.40,149.10,152.05,3,34920
@KC,2018-01-23,150.50,153.40,149.10,150.45,4,35026
@KC,2018-01-24,153.15,153.40,149.10,152.00,5,35129
@KC,2018-01-25,150.60,155.00,149.10,153.15,6,35232
@KC,2018-01-26,151.15,155.00,150.00,154.65,2,34818
@KC,2018-01-29,151.65,155.35,150.00,154.45,3,34921
@KC,2018-01-30,150.75,155.35,150.20,151.80,4,35027
@KC,2018-01-31,152.20,155.35,150.65,151.35,5,35130
@KC,2018-02-01,153.15,155.35,149.85,150.90,6,35233
@KC,2018-02-02,155.05,155.35,149.35,149.90,2,34819
@KC,2018-02-05,154.25,154.70,149.00,149.30,3,34922
@KC,2018-02-06,152.00,152.80,148.60,152.35,4,35028
@KC,2018-02-07,151.20,153.40,148.60,152.80,5,35131
@KC,2018-02-08,151.05,153.90,148.60,152.35,6,35234
@KC,2018-02-09,149.90,153.90,148.60,151.35,2,34820
@KC,2018-02-12,149.50,153.90,148.60,151.05,3,34923
@KC,2018-02-13,152.45,153.90,150.20,152.60,4,35029
@KC,2018-02-14,152.35,153.90,150.20,152.65,5,35132
@KC,2018-02-15,152.20,153.60,150.20,151.70,6,35235
@KC,2018-02-16,151.05,153.25,147.75,148.00,2,34821
@KC,2018-02-16,151.10,153.25,147.75,148.00,3,34924
@KC,2018-02-20,152.70,153.25,147.05,147.25,4,35030
@KC,2018-02-21,152.65,153.25,146.30,146.45,5,35133
@KC,2018-02-22,151.70,152.15,146.10,148.45,6,35236
@KC,2018-02-23,147.85,150.35,146.10,148.55,2,34822
@KC,2018-02-26,147.85,150.35,146.10,149.45,3,34925
@KC,2018-02-27,147.35,150.35,146.10,148.65,4,35031
@KC,2018-02-28,146.45,150.35,146.10,149.55,5,35134
@KC,2018-03-01,148.45,151.60,147.85,151.50,6,35237
@KC,2018-03-02,149.10,151.75,147.85,149.75,2,34823
@KC,2018-03-05,149.20,151.75,147.50,148.65,3,34926
@KC,2018-03-06,148.30,151.75,147.50,148.80,4,35032
@KC,2018-03-07,149.60,151.75,147.35,148.30,5,35135
@KC,2018-03-08,151.40,151.75,147.15,147.85,6,35238
@KC,2018-03-09,149.20,149.85,147.15,147.70,2,34824
@KC,2018-03-12,148.75,149.85,146.45,147.00,3,34927
@KC,2018-03-13,148.30,149.70,146.45,149.10,4,35033
@KC,2018-03-14,148.30,149.70,146.45,148.60,5,35136
@KC,2018-03-15,147.90,149.70,145.05,146.30,6,35239
@KC,2018-03-16,147.55,149.70,144.45,145.60,2,34825
@KC,2018-03-19,146.95,149.70,144.45,146.90,3,34928
@KC,2018-03-20,148.95,149.60,144.45,146.50,4,35034
@KC,2018-03-21,148.75,149.05,144.45,146.40,5,35137
@KC,2018-03-22,146.60,148.30,144.45,146.55,6,35240
@KC,2018-03-23,145.70,148.30,144.05,144.75,2,34826
@KC,2018-03-26,146.75,148.30,144.05,145.70,3,34929
@KC,2018-03-27,146.15,148.30,144.05,146.50,4,35035
@KC,2018-03-28,146.90,147.30,144.05,145.30,5,35138
@KC,2018-03-29,146.45,147.30,144.05,145.70,6,35241
@KC,2018-04-02,145.95,147.30,143.70,143.95,3,34930
@KC,2018-04-03,146.70,146.75,143.55,144.15,4,35036
@KC,2018-04-04,145.35,146.65,143.50,144.45,5,35139
@KC,2018-04-05,146.25,146.65,143.50,145.10,6,35242
@KC,2018-04-06,144.75,147.30,143.50,145.00,2,34827
@KC,2018-04-09,144.30,147.00,143.50,146.20,3,34931
@KC,2018-04-10,144.25,147.00,143.50,145.15,4,35037
@KC,2018-04-11,144.85,147.00,144.20,145.85,5,35140
@KC,2018-04-12,145.15,147.00,144.20,145.60,6,35243
@KC,2018-04-13,145.40,147.00,144.20,145.10,2,34828
@KC,2018-04-16,146.15,146.70,142.05,142.15,3,34932
@KC,2018-04-17,145.30,146.70,140.90,141.45,4,35038
@KC,2018-04-18,145.95,146.70,140.90,142.75,5,35141
@KC,2018-04-19,145.65,146.70,140.90,141.85,6,35244
@KC,2018-04-20,145.15,145.15,140.90,143.30,2,34829
@KC,2018-04-23,142.35,144.85,140.90,144.55,3,34933
@KC,2018-04-24,141.65,146.40,141.25,146.05,4,35039
@KC,2018-04-25,142.55,146.40,141.30,144.40,5,35142
@KC,2018-04-26,142.40,146.40,141.75,145.25,6,35245
@KC,2018-04-27,143.70,148.10,143.15,148.00,2,34830
@KC,2018-04-30,144.65,148.65,143.15,148.40,3,34934
@KC,2018-05-01,146.35,150.85,143.15,150.40,4,35040
@KC,2018-05-02,144.75,151.55,144.40,149.35,5,35143
@KC,2018-05-03,145.25,151.55,144.90,149.95,6,35246
@KC,2018-05-04,147.80,151.55,146.85,148.20,2,34831
@KC,2018-05-07,148.25,151.55,145.50,146.35,3,34935
@KC,2018-05-08,149.95,151.55,144.95,145.20,4,35041
@KC,2018-05-09,149.35,151.00,144.25,144.35,5,35144
@KC,2018-05-10,149.90,150.35,143.95,145.15,6,35247
@KC,2018-05-11,148.20,148.45,143.95,145.00,2,34832
@KC,2018-05-14,146.35,147.20,142.80,143.20,3,34936
@KC,2018-05-15,145.30,145.45,141.95,142.55,4,35042
@KC,2018-05-16,144.20,145.30,141.95,142.90,5,35145
@KC,2018-05-17,145.15,145.25,141.95,143.50,6,35248
@KC,2018-05-18,144.65,144.85,141.95,143.60,2,34833
@KC,2018-05-21,143.30,146.20,141.95,145.80,3,34937
@KC,2018-05-22,142.65,147.05,142.45,146.45,4,35043
@KC,2018-05-23,142.95,147.05,142.70,144.95,5,35146
@KC,2018-05-24,143.70,147.05,142.70,146.15,6,35249
@KC,2018-05-25,143.60,147.05,143.45,146.00,2,34834
@KC,2018-05-25,146.15,147.05,144.20,146.00,3,34938
@KC,2018-05-29,146.00,146.60,144.20,145.85,4,35044
@KC,2018-05-30,145.30,147.80,144.70,145.90,5,35147
@KC,2018-05-31,146.20,149.65,144.70,149.30,6,35250
@KC,2018-06-01,145.40,150.55,144.95,148.35,2,34835
@KC,2018-06-04,145.40,150.55,144.95,147.10,3,34939
@KC,2018-06-05,145.35,150.55,144.75,145.05,4,35045
@KC,2018-06-06,146.00,150.55,143.80,143.85,5,35148
@KC,2018-06-07,149.50,150.55,141.25,141.30,6,35251
@KC,2018-06-08,148.15,148.75,141.25,142.85,2,34836
@KC,2018-06-11,146.75,147.15,141.25,142.55,3,34940
@KC,2018-06-12,144.90,145.45,141.25,142.85,4,35046
@KC,2018-06-13,143.85,144.25,141.25,141.95,5,35149
@KC,2018-06-14,141.65,143.55,141.10,141.30,6,35252
@KC,2018-06-15,142.85,143.55,140.20,140.90,2,34837
@KC,2018-06-18,142.40,143.40,139.90,140.05,3,34941
@KC,2018-06-19,142.70,142.80,138.30,139.75,4,35047
@KC,2018-06-20,141.85,142.80,138.30,140.00,5,35150
@KC,2018-06-21,140.95,141.45,138.30,139.60,6,35253
@KC,2018-06-22,141.35,141.45,138.30,140.30,2,34838
@KC,2018-06-25,139.80,140.95,138.30,140.55,3,34942
@KC,2018-06-26,139.80,142.75,138.60,141.05,4,35048
@KC,2018-06-27,139.85,142.75,138.60,140.80,5,35151
@KC,2018-06-28,139.40,142.75,138.70,139.10,6,35254
@KC,2018-06-29,140.30,142.75,137.85,138.45,2,34839
@KC,2018-07-02,140.45,142.75,134.90,135.00,3,34943
@KC,2018-07-03,140.95,141.55,134.85,135.25,4,35049
@KC,2018-07-05,139.10,139.50,131.90,132.50,6,35255
@KC,2018-07-06,138.25,138.35,130.25,137.45,2,34840
@KC,2018-07-09,135.15,138.55,130.25,138.40,3,34944
@KC,2018-07-10,135.25,139.10,130.25,138.15,4,35050
@KC,2018-07-11,140.40,140.65,130.25,135.40,5,35152
@KC,2018-07-12,132.50,139.10,130.25,134.90,6,35256
@KC,2018-07-13,137.70,139.10,132.30,133.25,2,34841
@KC,2018-07-16,138.25,139.10,132.15,133.65,3,34945
@KC,2018-07-17,137.35,138.00,132.15,132.60,4,35051
@KC,2018-07-18,135.55,136.70,130.85,131.50,5,35153
@KC,2018-07-19,134.75,135.00,130.65,132.15,6,35257
@KC,2018-07-20,133.25,134.60,130.65,134.00,2,34842
@KC,2018-07-23,133.65,136.35,130.65,135.00,3,34946
@KC,2018-07-24,132.20,136.55,130.65,134.30,4,35052
@KC,2018-07-25,131.40,136.55,130.65,134.35,5,35154
@KC,2018-07-26,131.65,136.55,131.45,132.90,6,35258
@KC,2018-07-27,134.40,136.55,132.05,133.80,2,34843
@KC,2018-07-30,135.10,136.75,132.05,134.75,3,34947
@KC,2018-07-31,134.40,136.75,132.05,133.25,4,35053
@KC,2018-08-01,134.70,136.75,131.05,131.40,5,35155
@KC,2018-08-02,132.85,136.75,129.35,130.05,6,35259
@KC,2018-08-03,133.85,136.75,129.35,131.10,2,34844
@KC,2018-08-06,134.75,135.15,129.35,132.10,3,34948
@KC,2018-08-07,133.05,133.75,129.35,132.40,4,35054
@KC,2018-08-08,131.40,133.60,129.35,131.20,5,35156
@KC,2018-08-09,130.40,133.60,130.00,131.00,6,35260
@KC,2018-08-10,131.00,133.60,129.75,130.35,2,34845
@KC,2018-08-13,131.90,133.60,127.75,129.60,3,34949
@KC,2018-08-14,132.20,132.25,127.75,128.80,4,35055
@KC,2018-08-15,131.15,131.75,125.85,126.30,5,35157
@KC,2018-08-16,130.55,130.95,125.20,125.65,6,35261
@KC,2018-08-17,130.20,130.60,124.15,125.00,2,34846
@KC,2018-08-20,129.50,130.55,120.90,121.25,3,34950
@KC,2018-08-21,129.05,129.30,120.80,122.10,4,35056
@KC,2018-08-22,126.45,127.40,119.65,121.20,5,35158
@KC,2018-08-23,126.25,126.50,119.65,121.80,6,35262
@KC,2018-08-24,125.25,125.70,119.65,125.00,2,34847
@KC,2018-08-27,121.55,127.20,119.65,126.05,3,34951
@KC,2018-08-28,121.60,127.20,119.65,123.35,4,35057
@KC,2018-08-29,121.20,127.20,120.50,123.20,5,35159
@KC,2018-08-30,122.10,127.20,120.90,122.95,6,35263
@KC,2018-08-31,125.35,127.20,120.90,122.10,2,34848
@KC,2018-08-31,125.60,126.80,120.90,122.10,3,34952
@KC,2018-09-04,123.70,124.50,118.95,121.75,4,35058
@KC,2018-09-05,123.20,124.20,118.95,124.10,5,35160
@KC,2018-09-06,122.95,124.45,118.95,122.50,6,35264
@KC,2018-09-07,121.50,124.45,118.95,122.75,2,34849
@KC,2018-09-10,121.50,124.45,118.95,121.55,3,34953
@KC,2018-09-11,121.90,124.45,120.45,120.75,4,35059
@KC,2018-09-12,123.95,124.45,120.40,122.40,5,35161
@KC,2018-09-13,123.30,124.00,120.40,120.95,6,35265
@KC,2018-09-14,122.75,123.60,119.80,120.00,2,34850
@KC,2018-09-17,121.60,123.20,117.45,117.60,3,34954
@KC,2018-09-18,120.70,123.20,115.40,116.15,4,35060
@KC,2018-09-19,122.25,122.75,115.40,117.00,5,35162
@KC,2018-09-20,120.80,121.15,115.40,120.05,6,35266
@KC,2018-09-21,120.00,121.05,115.40,120.20,2,34851
@KC,2018-09-24,117.60,121.05,115.40,118.80,3,34955
@KC,2018-09-25,116.35,121.05,115.50,117.40,4,35061
@KC,2018-09-26,117.20,121.05,116.85,118.05,5,35163
@KC,2018-09-27,119.75,121.05,116.85,119.60,6,35267
@KC,2018-09-28,120.00,123.75,116.85,122.75,2,34852
@KC,2018-10-01,118.10,123.75,116.85,122.50,3,34956
@KC,2018-10-02,117.60,128.45,117.00,127.95,4,35062
@KC,2018-10-03,118.00,131.10,117.20,126.90,5,35164
@KC,2018-10-04,119.45,131.10,119.05,127.25,6,35268
@KC,2018-10-05,122.45,131.10,121.40,129.25,2,34853
@KC,2018-10-08,122.35,133.25,121.40,132.15,3,34957
@KC,2018-10-09,127.95,133.70,125.10,133.45,4,35063
@KC,2018-10-10,126.45,134.50,125.10,132.20,5,35165
@KC,2018-10-11,127.25,134.50,127.05,133.20,6,35269
@KC,2018-10-12,130.90,137.10,130.05,136.85,2,34854
@KC,2018-10-15,132.25,140.00,130.05,139.65,3,34958
@KC,2018-10-16,133.95,140.30,130.05,137.95,4,35064
@KC,2018-10-17,131.80,143.20,130.05,142.85,5,35166
@KC,2018-10-18,133.80,144.60,132.85,142.35,6,35270
@KC,2018-10-19,137.20,145.80,137.10,142.40,2,34855
@KC,2018-10-22,140.10,145.80,137.10,137.95,3,34959
@KC,2018-10-23,137.75,145.80,136.65,141.40,4,35065
@KC,2018-10-24,142.85,145.80,136.65,140.55,5,35167
@KC,2018-10-25,142.05,145.80,136.65,141.45,6,35271
@KC,2018-10-26,142.20,144.65,136.65,139.95,2,34856
@KC,2018-10-29,137.95,144.65,134.25,134.55,3,34960
@KC,2018-10-30,141.40,144.65,132.45,132.70,4,35066
@KC,2018-10-31,140.15,143.40,131.65,133.00,5,35168
@KC,2018-11-01,141.30,143.10,131.65,138.10,6,35272
@KC,2018-11-02,140.40,143.10,131.65,140.35,2,34857
@KC,2018-11-05,135.00,141.60,131.65,137.40,3,34961
@KC,2018-11-06,132.65,141.60,131.65,133.55,4,35067
@KC,2018-11-07,133.35,141.60,132.90,135.90,5,35169
@KC,2018-11-08,138.95,141.60,133.40,136.95,6,35273
@KC,2018-11-09,139.55,139.60,133.40,134.15,2,34858
@KC,2018-11-12,136.80,138.45,130.15,130.65,3,34962
@KC,2018-11-13,134.40,138.45,127.85,129.40,4,35068
@KC,2018-11-14,135.85,138.45,127.85,132.85,5,35170
@KC,2018-11-15,136.55,136.70,127.85,130.45,6,35274
@KC,2018-11-16,133.65,133.85,127.85,132.95,2,34859
@KC,2018-11-19,130.65,133.80,127.85,133.30,3,34963
@KC,2018-11-20,129.40,133.80,128.90,131.55,4,35069
@KC,2018-11-21,132.85,133.80,129.45,130.75,5,35171
@KC,2018-11-23,132.65,133.65,126.95,127.60,2,34860
@KC,2018-11-26,132.80,133.55,126.35,127.45,3,34964
@KC,2018-11-27,131.90,132.05,126.35,129.95,4,35070
@KC,2018-11-28,130.25,131.00,126.35,130.55,5,35172
@KC,2018-11-29,130.50,133.65,126.35,128.95,6,35275
@KC,2018-11-30,127.60,131.80,123.90,124.20,2,34861
@KC,2018-12-03,127.35,131.80,123.90,124.45,3,34965
@KC,2018-12-04,129.95,131.80,122.65,123.55,4,35071
@KC,2018-12-05,130.65,131.80,122.20,122.60,5,35173
@KC,2018-12-06,128.80,129.20,121.10,122.60,6,35276
@KC,2018-12-07,125.15,127.50,120.50,120.75,2,34862
@KC,2018-12-10,125.05,125.15,120.50,121.80,3,34966
@KC,2018-12-11,123.55,124.15,118.70,119.00,4,35072
@KC,2018-12-12,122.60,123.65,118.70,119.70,5,35174
@KC,2018-12-13,123.35,123.65,118.40,120.75,6,35277
@KC,2018-12-14,120.80,121.95,118.40,118.90,2,34863
@KC,2018-12-17,121.80,121.90,116.40,116.75,3,34967
@KC,2018-12-18,119.35,121.00,115.85,116.05,4,35073
@KC,2018-12-19,119.90,121.00,115.25,117.50,5,35175
@KC,2018-12-20,120.65,120.65,115.25,119.15,6,35278
@KC,2018-12-21,118.95,119.95,115.25,116.35,2,34864
@KC,2018-12-24,117.35,119.40,115.25,118.85,3,34968
@KC,2018-12-26,117.55,120.65,116.05,120.55,5,35176
@KC,2018-12-27,119.15,120.65,116.05,118.40,6,35279
@KC,2018-12-28,116.35,120.65,116.30,117.60,2,34865
@KC,2018-12-31,118.85,120.65,115.95,118.50,3,34969
@KC,2019-01-02,120.35,120.45,115.95,116.15,5,35177
@KC,2019-01-03,118.40,119.90,115.95,118.80,6,35280
@KC,2019-01-04,117.60,119.90,115.95,118.25,2,34866
@KC,2019-01-07,118.25,120.10,116.00,119.40,3,34970
@KC,2019-01-08,116.15,122.70,115.25,121.70,4,35074
@KC,2019-01-09,116.15,123.50,116.10,121.95,5,35178
@KC,2019-01-10,118.95,123.50,117.05,120.90,6,35281
@KC,2019-01-11,118.15,123.50,117.80,120.50,2,34867
@KC,2019-01-14,119.55,123.50,118.20,119.40,3,34971
@KC,2019-01-15,121.65,123.50,117.05,117.95,4,35075
@KC,2019-01-16,121.65,122.65,117.05,119.05,5,35179
@KC,2019-01-17,120.65,121.45,117.05,119.05,6,35282
@KC,2019-01-18,120.05,122.85,117.05,121.60,2,34868
@KC,2019-01-18,118.90,122.85,117.05,121.60,3,34972
@KC,2019-01-22,117.55,122.85,117.30,120.00,4,35076
@KC,2019-01-23,119.05,122.85,118.40,120.05,5,35180
@KC,2019-01-24,119.50,122.85,118.95,121.95,6,35283
@KC,2019-01-25,121.55,123.80,118.95,123.45,2,34869
@KC,2019-01-28,121.55,123.80,118.20,119.30,3,34973
@KC,2019-01-29,119.55,123.80,118.20,119.25,4,35077
@KC,2019-01-30,120.35,123.80,118.20,118.75,5,35181
@KC,2019-01-31,122.75,123.80,118.20,122.55,6,35284
@KC,2019-02-01,122.30,123.65,118.20,120.35,2,34870
@KC,2019-02-04,119.65,123.65,118.60,122.25,3,34974
@KC,2019-02-05,119.30,123.65,118.60,121.50,4,35078
@KC,2019-02-06,118.95,123.65,118.95,122.15,5,35182
@KC,2019-02-07,122.80,123.65,119.90,120.95,6,35285
@KC,2019-02-08,120.45,123.00,118.90,119.25,2,34871
@KC,2019-02-11,122.45,122.85,116.55,116.95,3,34975
@KC,2019-02-12,121.35,122.55,116.55,117.20,4,35079
@KC,2019-02-13,121.85,121.95,115.75,115.95,5,35183
@KC,2019-02-14,120.90,121.40,114.25,115.10,6,35286
@KC,2019-02-15,119.20,119.40,114.25,115.30,2,34872
@KC,2019-02-15,117.00,118.00,114.25,115.30,3,34976
@KC,2019-02-19,117.55,117.60,113.65,114.50,4,35080
@KC,2019-02-20,115.75,116.25,113.50,115.05,5,35184
@KC,2019-02-21,114.95,116.10,112.70,113.10,6,35287
@KC,2019-02-22,115.10,115.45,112.70,113.65,2,34873
@KC,2019-02-25,115.10,115.45,112.70,113.50,3,34977
@KC,2019-02-26,114.85,115.40,110.00,110.45,4,35081
@KC,2019-02-27,114.60,114.80,110.00,112.60,5,35185
@KC,2019-02-28,113.25,114.15,110.00,112.10,6,35288
@KC,2019-03-01,113.65,114.45,110.00,113.85,2,34874
@KC,2019-03-04,113.10,114.60,110.00,111.00,3,34978
@KC,2019-03-05,110.75,114.60,110.45,113.30,4,35082
@KC,2019-03-06,112.85,114.60,110.70,112.35,5,35186
@KC,2019-03-07,111.95,114.60,110.45,110.50,6,35289
@KC,2019-03-08,114.30,114.60,110.35,112.15,2,34875
@KC,2019-03-11,111.00,113.90,110.35,110.85,3,34979
@KC,2019-03-12,113.60,113.70,108.30,109.65,4,35083
@KC,2019-03-13,112.25,112.95,108.30,111.30,5,35187
@KC,2019-03-14,110.70,112.35,108.30,110.80,6,35290
@KC,2019-03-15,111.55,112.35,108.30,111.45,2,34876
@KC,2019-03-18,110.85,112.35,108.30,110.50,3,34980
@KC,2019-03-19,109.65,112.35,108.85,110.30,4,35084
@KC,2019-03-20,111.20,112.35,108.00,108.40,5,35188
@KC,2019-03-21,110.80,111.60,108.00,108.45,6,35291
@KC,2019-03-22,110.65,111.60,107.30,107.55,2,34877
@KC,2019-03-25,110.55,111.45,106.25,107.90,3,34981
@KC,2019-03-26,110.25,110.45,106.25,109.00,4,35085
@KC,2019-03-27,108.50,110.05,106.25,107.50,5,35189
@KC,2019-03-28,108.65,110.05,106.25,107.65,6,35292
@KC,2019-03-29,107.30,110.05,106.25,108.15,2,34878
@KC,2019-04-01,108.00,110.05,105.30,105.75,3,34982
@KC,2019-04-02,108.70,110.05,104.90,105.30,4,35086
@KC,2019-04-03,107.05,109.50,104.90,109.00,5,35190
@KC,2019-04-04,107.90,110.60,104.90,108.95,6,35293
@KC,2019-04-05,107.70,110.60,104.90,106.85,2,34879
@KC,2019-04-08,106.00,110.60,104.90,106.60,3,34983
@KC,2019-04-09,105.30,110.60,104.95,107.30,4,35087
@KC,2019-04-10,108.85,110.60,105.70,107.90,5,35191
@KC,2019-04-11,108.45,109.40,103.75,103.85,6,35294
@KC,2019-04-12,106.85,108.50,102.90,104.10,2,34880
@KC,2019-04-15,106.95,108.50,102.90,105.05,3,34984
@KC,2019-04-16,107.40,108.15,102.90,104.10,4,35088
@KC,2019-04-17,107.80,107.90,100.15,100.80,5,35192
@KC,2019-04-18,104.45,105.35,100.15,104.05,6,35295
@KC,2019-04-22,105.05,106.40,100.15,104.00,3,34985
@KC,2019-04-23,104.05,106.40,100.15,104.40,4,35089
@KC,2019-04-24,100.80,106.40,100.65,103.50,5,35193
@KC,2019-04-25,103.70,106.40,102.45,104.50,6,35296
@KC,2019-04-26,103.70,106.40,100.15,105.25,2,34881
@KC,2019-04-29,103.30,105.55,102.45,103.80,3,34986
@KC,2019-04-30,104.75,106.25,102.45,104.30,4,35090
@KC,2019-05-01,102.70,106.25,102.00,102.25,5,35194
@KC,2019-05-02,104.35,106.25,101.90,102.70,6,35297
@KC,2019-05-03,104.85,106.25,101.65,101.75,2,34882
@KC,2019-05-06,103.80,106.25,100.55,101.30,3,34987
@KC,2019-05-07,103.95,104.25,98.75,99.15,4,35091
@KC,2019-05-08,102.25,103.90,98.75,99.70,5,35195
@KC,2019-05-09,102.40,103.75,98.75,102.00,6,35298
@KC,2019-05-10,101.40,102.55,98.75,101.95,2,34883
@KC,2019-05-13,101.05,102.55,98.75,100.75,3,34988
@KC,2019-05-14,99.55,103.70,99.10,102.10,4,35092
@KC,2019-05-15,100.05,103.70,99.40,102.45,5,35196
@KC,2019-05-16,102.05,103.70,99.95,102.80,6,35299
@KC,2019-05-17,101.40,103.70,99.60,100.15,2,34884
@KC,2019-05-20,101.25,103.70,99.60,101.05,3,34989
@KC,2019-05-21,102.00,104.50,99.60,104.05,4,35093
@KC,2019-05-22,102.05,105.00,99.60,102.90,5,35197
@KC,2019-05-23,102.30,105.15,99.60,104.65,6,35300
@KC,2019-05-24,100.15,106.15,99.65,104.45,2,34885
@KC,2019-05-24,100.75,106.15,99.65,104.45,3,34990
@KC,2019-05-28,104.15,107.60,101.35,107.20,4,35094
@KC,2019-05-29,102.75,111.40,101.35,110.65,5,35198
@KC,2019-05-30,104.65,113.90,103.75,113.50,6,35301
@KC,2019-05-31,104.35,116.45,103.80,115.75,2,34886
@KC,2019-06-03,104.35,116.80,103.80,114.90,3,34991
@KC,2019-06-04,107.80,117.30,107.10,116.80,4,35095
@KC,2019-06-05,111.30,117.30,109.05,110.25,5,35199
@KC,2019-06-06,113.25,117.30,109.05,113.20,6,35302
@KC,2019-06-07,116.00,117.30,109.05,112.10,2,34887
@KC,2019-06-10,114.40,117.30,109.05,109.75,3,34992
@KC,2019-06-11,116.50,116.75,107.95,108.10,4,35096
@KC,2019-06-12,110.15,114.45,107.90,110.10,5,35200
@KC,2019-06-13,113.20,114.45,107.90,108.35,6,35303
@KC,2019-06-14,111.30,111.90,106.55,106.65,2,34888
@KC,2019-06-17,109.25,111.55,105.65,106.85,3,34993
@KC,2019-06-18,108.20,110.70,104.95,105.20,4,35097
@KC,2019-06-19,110.10,110.70,104.85,106.55,5,35201
@KC,2019-06-20,108.55,110.55,104.85,110.40,6,35304
@KC,2019-06-21,106.55,111.35,104.85,109.25,2,34889
@KC,2019-06-24,106.60,112.40,104.85,111.60,3,34994
@KC,2019-06-25,105.20,116.30,104.85,116.05,4,35098
@KC,2019-06-26,107.20,116.80,107.20,114.65,5,35202
@KC,2019-06-27,110.60,116.80,108.20,115.30,6,35305
@KC,2019-06-28,108.60,119.10,108.20,118.05,2,34890
@KC,2019-07-01,112.20,122.70,112.15,119.95,3,34995
@KC,2019-07-02,115.00,122.70,114.15,118.25,4,35099
@KC,2019-07-03,114.75,123.60,114.40,122.25,5,35203
@KC,2019-07-05,120.35,124.25,117.65,119.70,2,34891
@KC,2019-07-08,118.95,124.25,113.90,115.00,3,34996
@KC,2019-07-09,118.80,124.25,113.90,116.05,4,35100
@KC,2019-07-10,123.75,124.25,113.90,114.50,5,35204
@KC,2019-07-11,116.00,124.25,113.90,115.55,6,35306
@KC,2019-07-12,121.20,123.25,113.90,115.25,2,34892
@KC,2019-07-15,114.95,119.25,113.05,118.85,3,34997
@KC,2019-07-16,116.35,119.25,113.05,114.15,4,35101
@KC,2019-07-17,115.10,119.25,113.05,116.00,5,35205
@KC,2019-07-18,115.70,119.25,113.05,117.20,6,35307
@KC,2019-07-19,115.05,119.25,113.05,115.90,2,34893
@KC,2019-07-22,118.80,118.85,113.60,113.70,3,34998
@KC,2019-07-23,114.55,118.50,110.75,110.90,4,35102
@KC,2019-07-24,115.40,118.50,109.15,109.60,5,35206
@KC,2019-07-25,117.15,118.50,108.90,109.25,6,35308
@KC,2019-07-26,115.30,116.60,107.65,108.35,2,34894
@KC,2019-07-29,113.75,114.20,107.35,109.75,3,34999
@KC,2019-07-30,111.05,112.25,107.35,108.10,4,35103
@KC,2019-07-31,109.95,111.25,106.70,108.25,5,35207
@KC,2019-08-01,109.20,111.25,105.00,105.85,6,35309
@KC,2019-08-02,108.35,111.05,105.00,106.75,2,34895
@KC,2019-08-05,109.65,109.75,102.90,104.25,3,35000
@KC,2019-08-06,107.70,109.05,102.90,105.65,4,35104
@KC,2019-08-07,106.45,107.55,102.90,105.50,5,35208
@KC,2019-08-08,105.75,107.55,102.90,106.00,6,35310
@KC,2019-08-09,106.90,107.50,102.90,105.90,2,34896
@KC,2019-08-12,104.35,107.50,102.10,102.50,3,35001
@KC,2019-08-13,105.40,107.50,101.95,104.90,4,35105
@KC,2019-08-14,106.00,107.50,101.95,103.10,5,35209
@KC,2019-08-15,105.80,106.70,101.95,103.20,6,35311
@KC,2019-08-16,105.70,105.80,101.30,101.55,2,34897
@KC,2019-08-19,102.50,105.15,99.90,100.00,3,35002
@KC,2019-08-20,104.25,105.10,98.60,100.45,4,35106
@KC,2019-08-21,103.20,104.25,98.60,101.85,5,35210
@KC,2019-08-22,103.45,103.75,98.60,102.50,6,35312
@KC,2019-08-23,101.60,103.05,98.60,101.25,2,34898
@KC,2019-08-26,100.30,103.70,98.60,102.70,3,35003
@KC,2019-08-27,100.70,103.70,100.25,102.35,4,35107
@KC,2019-08-28,101.80,103.70,100.25,102.75,5,35211
@KC,2019-08-29,102.10,103.70,99.95,100.45,6,35313
@KC,2019-08-30,100.75,103.70,99.95,102.05,2,34899
@KC,2019-08-30,102.55,103.35,99.95,102.05,3,35004
@KC,2019-09-03,102.60,103.35,99.40,100.75,4,35108
@KC,2019-09-04,102.25,102.70,99.40,101.80,5,35212
@KC,2019-09-05,100.60,102.65,99.40,100.60,6,35314
@KC,2019-09-06,101.20,102.65,99.40,102.25,2,34900
@KC,2019-09-09,101.20,104.45,99.40,103.45,3,35005
@KC,2019-09-10,100.85,107.45,100.20,106.80,4,35109
@KC,2019-09-11,102.00,109.90,100.20,108.60,5,35213
@KC,2019-09-12,100.55,109.90,100.20,108.80,6,35315
@KC,2019-09-13,102.20,109.90,100.50,107.95,2,34901
@KC,2019-09-16,103.70,110.15,103.20,109.50,3,35006
@KC,2019-09-17,107.20,110.15,105.20,105.55,4,35110
@KC,2019-09-18,108.00,110.15,105.20,105.55,5,35214
@KC,2019-09-19,108.45,110.15,103.30,103.55,6,35316
@KC,2019-09-20,107.50,110.15,103.25,103.60,2,34902
@KC,2019-09-23,108.95,109.20,103.25,104.20,3,35007
@KC,2019-09-24,105.85,107.10,103.25,104.35,4,35111
@KC,2019-09-25,105.55,106.75,102.45,106.15,5,35215
@KC,2019-09-26,103.70,108.10,102.45,106.05,6,35317
@KC,2019-09-27,103.70,108.10,102.45,106.10,2,34903
@KC,2019-09-30,104.05,108.10,102.45,106.35,3,35008
@KC,2019-10-01,104.10,108.10,102.45,106.55,4,35112
@KC,2019-10-02,106.60,108.10,104.50,105.80,5,35216
@KC,2019-10-03,105.70,108.10,104.35,107.25,6,35318
@KC,2019-10-04,105.70,108.10,103.70,104.20,2,34904
@KC,2019-10-07,106.25,108.10,101.80,102.20,3,35009
@KC,2019-10-08,106.20,108.10,100.70,100.90,4,35113
@KC,2019-10-09,105.70,108.10,100.25,100.65,5,35217
@KC,2019-10-10,107.25,107.70,98.25,98.70,6,35319
@KC,2019-10-11,104.10,104.35,97.40,98.90,2,34905
@KC,2019-10-14,102.30,103.00,97.40,100.05,3,35010
@KC,2019-10-15,100.85,101.80,97.40,99.65,4,35114
@KC,2019-10-16,100.80,101.30,97.40,98.75,5,35218
@KC,2019-10-17,99.45,100.80,97.40,98.10,6,35320
@KC,2019-10-18,98.70,101.40,97.45,100.90,2,34906
@KC,2019-10-21,100.10,102.20,97.45,101.55,3,35011
@KC,2019-10-22,99.25,104.30,97.45,104.10,4,35115
@KC,2019-10-23,98.65,104.30,97.55,102.95,5,35219
@KC,2019-10-24,97.85,104.30,97.75,101.65,6,35321
@KC,2019-10-25,101.25,105.05,99.70,104.65,2,34907
@KC,2019-10-28,100.75,106.00,100.75,105.70,3,35012
@KC,2019-10-29,104.00,107.00,100.85,104.15,4,35116
@KC,2019-10-30,102.95,107.00,100.85,104.55,5,35220
@KC,2019-10-31,100.85,107.45,100.85,107.15,6,35322
@KC,2019-11-01,104.35,109.50,102.25,109.20,2,34908
@KC,2019-11-04,105.70,109.95,102.25,108.85,3,35013
@KC,2019-11-05,103.90,111.25,102.25,111.00,4,35117
@KC,2019-11-06,104.60,113.40,104.60,113.20,5,35221
@KC,2019-11-07,107.35,114.80,106.30,114.30,6,35323
@KC,2019-11-08,109.20,115.10,107.85,114.65,2,34909
@KC,2019-11-11,108.75,115.10,108.00,111.25,3,35014
@KC,2019-11-12,111.00,115.10,109.95,110.70,4,35118
@KC,2019-11-13,113.05,115.10,109.95,112.95,5,35222
@KC,2019-11-14,113.95,115.10,109.95,113.30,6,35324
@KC,2019-11-15,113.30,114.60,109.95,111.45,2,34910
@KC,2019-11-18,111.65,114.60,109.95,111.00,3,35015
@KC,2019-11-19,110.70,114.60,107.60,107.95,4,35119
@KC,2019-11-20,113.70,114.60,107.60,112.75,5,35223
@KC,2019-11-21,113.20,118.60,107.60,118.05,6,35325
@KC,2019-11-22,110.70,118.60,107.60,117.45,2,34911
@KC,2019-11-25,110.80,120.85,107.60,120.70,3,35016
@KC,2019-11-26,107.95,120.85,107.95,118.65,4,35120
@KC,2019-11-27,112.55,120.85,111.05,120.25,5,35224
@KC,2019-11-29,117.10,121.60,116.45,120.85,2,34912
@KC,2019-12-02,120.45,125.00,117.30,123.80,3,35017
@KC,2019-12-03,118.50,126.55,117.55,125.60,4,35121
@KC,2019-12-04,120.05,126.55,118.45,123.05,5,35225
@KC,2019-12-05,116.85,127.10,115.95,126.65,6,35326
@KC,2019-12-06,120.80,129.05,119.75,126.60,2,34913
@KC,2019-12-09,123.80,133.80,122.60,130.20,3,35018
@KC,2019-12-10,125.80,136.20,122.60,135.10,4,35122
@KC,2019-12-11,123.05,138.65,123.00,137.00,5,35226
@KC,2019-12-12,126.85,140.80,125.00,139.05,6,35327
@KC,2019-12-13,125.30,142.10,125.00,132.70,2,34914
@KC,2019-12-16,130.65,143.30,130.20,140.75,3,35019
@KC,2019-12-17,135.45,144.25,131.00,135.50,4,35123
@KC,2019-12-18,137.50,144.25,131.00,135.00,5,35227
@KC,2019-12-19,140.30,144.25,128.00,129.00,6,35328
@KC,2019-12-20,131.55,144.25,128.00,132.50,2,34915
@KC,2019-12-23,143.30,144.25,126.70,127.10,3,35020
@KC,2019-12-24,135.50,137.25,126.70,131.20,4,35124
@KC,2019-12-26,128.70,133.30,126.70,129.10,6,35329
@KC,2019-12-27,132.20,134.60,126.70,134.30,2,34916
@KC,2019-12-30,127.85,134.60,127.15,133.95,3,35021
@KC,2019-12-31,134.30,136.45,130.35,131.50,2,34917
@KC,2019-12-31,133.30,136.45,130.35,131.50,3,35022
@KC,2019-12-31,131.20,136.45,128.45,131.50,4,35125
@KC,2019-12-31,135.15,136.45,126.70,131.50,5,35228
@KC,2019-12-31,129.65,136.45,129.45,131.50,6,35330
@SB,2018-01-02,17.30,17.56,17.26,17.55,4,36055
@SB,2018-01-04,17.30,17.59,17.07,17.47,6,36261
@SB,2018-01-05,17.30,17.59,17.07,17.30,2,35847
@SB,2018-01-08,17.30,17.59,16.76,17.00,3,35950
@SB,2018-01-09,17.57,17.59,16.64,16.95,4,36056
@SB,2018-01-10,17.49,17.56,16.64,16.87,5,36230
@SB,2018-01-11,17.40,17.46,16.33,16.40,6,36262
@SB,2018-01-12,17.21,17.27,16.18,16.40,2,35848
@SB,2018-01-12,16.96,17.07,16.18,16.40,3,35951
@SB,2018-01-16,16.92,17.07,15.79,15.81,4,36057
@SB,2018-01-17,16.76,16.80,15.57,15.64,5,36231
@SB,2018-01-18,16.47,16.51,15.24,15.30,6,36263
@SB,2018-01-19,16.32,16.33,15.24,15.47,2,35849
@SB,2018-01-22,16.32,16.33,15.24,15.39,3,35952
@SB,2018-01-23,15.86,15.96,15.24,15.41,4,36058
@SB,2018-01-24,15.68,15.81,15.24,15.38,5,36232
@SB,2018-01-25,15.37,15.69,15.24,15.46,6,36264
@SB,2018-01-26,15.53,15.69,15.26,15.58,2,35850
@SB,2018-01-29,15.32,15.92,15.26,15.89,3,35953
@SB,2018-01-30,15.41,15.97,15.26,15.94,4,36059
@SB,2018-01-31,15.45,15.97,15.31,15.45,5,36233
@SB,2018-02-01,15.51,15.97,15.39,15.59,6,36265
@SB,2018-02-02,15.67,15.97,15.39,15.85,2,35851
@SB,2018-02-05,15.91,16.14,15.39,16.12,3,35954
@SB,2018-02-06,15.94,16.26,15.39,16.06,4,36060
@SB,2018-02-07,15.45,16.26,15.45,16.22,5,36234
@SB,2018-02-08,15.62,16.26,15.50,15.80,6,36266
@SB,2018-02-09,15.88,16.26,15.50,15.89,2,35852
@SB,2018-02-12,16.12,16.26,15.77,15.95,3,35955
@SB,2018-02-13,16.06,16.26,15.57,15.70,4,36061
@SB,2018-02-14,16.22,16.25,15.57,15.62,5,36235
@SB,2018-02-15,15.84,16.10,15.57,15.84,6,36267
@SB,2018-02-16,15.95,16.06,15.52,15.60,2,35853
@SB,2018-02-16,15.87,15.98,15.52,15.60,3,35956
@SB,2018-02-20,15.70,15.98,15.52,15.58,4,36062
@SB,2018-02-21,15.70,15.98,15.52,15.60,5,36236
@SB,2018-02-22,15.87,15.96,15.52,15.91,6,36268
@SB,2018-02-23,15.72,15.96,15.52,15.79,2,35854
@SB,2018-02-26,15.72,15.96,15.52,15.76,3,35957
@SB,2018-02-27,15.56,15.96,15.17,15.20,4,36063
@SB,2018-02-28,15.61,15.96,15.15,15.71,5,36237
@SB,2018-03-01,15.91,16.05,15.15,16.04,6,36269
@SB,2018-03-02,15.76,16.13,15.15,15.75,2,35855
@SB,2018-03-05,15.75,16.13,15.15,15.89,3,35958
@SB,2018-03-06,15.23,16.13,15.15,15.78,4,36064
@SB,2018-03-07,15.78,16.13,15.09,15.12,5,36238
@SB,2018-03-08,16.01,16.13,15.09,15.22,6,36270
@SB,2018-03-09,15.73,15.98,15.08,15.17,2,35856
@SB,2018-03-12,15.84,15.98,15.08,15.26,3,35959
@SB,2018-03-13,15.69,15.69,14.86,14.95,4,36065
@SB,2018-03-14,15.23,15.44,14.86,15.09,5,36239
@SB,2018-03-15,15.25,15.30,14.86,15.07,6,36271
@SB,2018-03-16,15.19,15.29,14.86,14.98,2,35857
@SB,2018-03-19,15.26,15.28,14.63,15.22,3,35960
@SB,2018-03-20,14.97,15.24,14.63,14.89,4,36066
@SB,2018-03-21,15.17,15.24,14.63,15.00,5,36240
@SB,2018-03-22,15.06,15.24,14.63,15.10,6,36272
@SB,2018-03-23,14.98,15.24,14.63,14.90,2,35858
@SB,2018-03-26,15.22,15.24,14.74,14.75,3,35961
@SB,2018-03-27,14.90,15.19,14.68,14.87,4,36067
@SB,2018-03-28,14.97,15.19,14.51,14.54,5,36241
@SB,2018-03-29,15.09,15.19,14.51,14.68,6,36273
@SB,2018-04-02,14.75,14.91,14.51,14.85,3,35962
@SB,2018-04-03,14.81,14.88,14.51,14.80,4,36068
@SB,2018-04-04,14.58,14.88,14.52,14.60,5,36242
@SB,2018-04-05,14.66,14.88,14.55,14.68,6,36274
@SB,2018-04-06,14.89,15.10,14.51,14.67,2,35859
@SB,2018-04-09,14.73,14.84,14.55,14.69,3,35963
@SB,2018-04-10,14.78,14.78,14.29,14.46,4,36069
@SB,2018-04-11,14.58,14.75,14.26,14.39,5,36243
@SB,2018-04-12,14.69,14.75,14.26,14.38,6,36275
@SB,2018-04-13,14.67,14.74,14.26,14.41,2,35860
@SB,2018-04-16,14.67,14.68,14.26,14.31,3,35964
@SB,2018-04-17,14.46,14.63,13.98,13.98,4,36070
@SB,2018-04-18,14.37,14.63,13.93,14.07,5,36244
@SB,2018-04-19,14.38,14.63,13.93,14.08,6,36276
@SB,2018-04-20,14.45,14.59,13.90,13.97,2,35861
@SB,2018-04-23,14.28,14.30,13.51,13.54,3,35965
@SB,2018-04-24,14.04,14.14,13.33,13.52,4,36071
@SB,2018-04-25,14.01,14.14,13.07,13.26,5,36245
@SB,2018-04-26,14.07,14.11,13.07,13.52,6,36277
@SB,2018-04-27,14.00,14.01,13.07,13.66,2,35862
@SB,2018-04-30,13.55,13.93,13.07,13.89,3,35966
@SB,2018-05-01,13.54,13.94,13.07,13.83,4,36072
@SB,2018-05-02,13.26,14.03,13.20,13.89,5,36246
@SB,2018-05-03,13.53,14.03,13.32,13.83,6,36278
@SB,2018-05-04,13.74,14.03,13.43,13.65,2,35863
@SB,2018-05-07,13.94,14.03,13.43,13.46,3,35967
@SB,2018-05-08,13.64,14.03,13.43,13.70,4,36073
@SB,2018-05-09,13.84,13.92,13.38,13.43,5,36247
@SB,2018-05-10,13.88,13.89,13.28,13.41,6,36279
@SB,2018-05-11,13.70,13.73,13.26,13.36,2,35864
@SB,2018-05-14,13.50,13.73,13.26,13.40,3,35968
@SB,2018-05-15,13.68,13.68,13.26,13.66,4,36074
@SB,2018-05-16,13.43,13.76,13.26,13.75,5,36248
@SB,2018-05-17,13.41,13.89,13.26,13.70,6,36280
@SB,2018-05-18,13.36,13.89,13.30,13.80,2,35865
@SB,2018-05-21,13.38,14.38,13.36,14.24,3,35969
@SB,2018-05-22,13.64,14.43,13.52,14.29,4,36075
@SB,2018-05-23,13.73,14.58,13.60,14.49,5,36249
@SB,2018-05-24,13.71,14.76,13.60,14.52,6,36281
@SB,2018-05-25,13.84,14.76,13.81,14.60,2,35866
@SB,2018-05-25,14.24,14.76,14.18,14.60,3,35970
@SB,2018-05-29,14.31,14.76,14.26,14.60,4,36076
@SB,2018-05-30,14.49,14.76,14.30,14.74,5,36250
@SB,2018-05-31,14.36,14.99,14.30,14.93,6,36282
@SB,2018-06-01,14.64,15.11,14.38,14.66,2,35867
@SB,2018-06-04,14.64,15.11,14.00,14.04,3,35971
@SB,2018-06-05,14.43,15.11,14.00,14.16,4,36077
@SB,2018-06-06,14.72,15.11,14.00,14.34,5,36251
@SB,2018-06-07,14.93,15.11,13.84,13.87,6,36283
@SB,2018-06-08,14.64,14.68,13.74,14.39,2,35868
@SB,2018-06-11,14.07,14.70,13.74,14.49,3,35972
@SB,2018-06-12,14.16,14.70,13.74,14.49,4,36078
@SB,2018-06-13,14.38,14.70,13.74,14.65,5,36252
@SB,2018-06-14,13.94,14.70,13.74,14.37,6,36284
@SB,2018-06-15,14.46,14.70,14.07,14.16,2,35869
@SB,2018-06-18,14.52,14.69,14.07,14.13,3,35973
@SB,2018-06-19,14.49,14.68,13.84,13.98,4,36079
@SB,2018-06-20,14.63,14.66,13.84,14.03,5,36253
@SB,2018-06-21,14.34,14.41,13.84,14.01,6,36285
@SB,2018-06-22,14.19,14.33,13.84,14.19,2,35870
@SB,2018-06-25,14.14,14.29,13.84,14.10,3,35974
@SB,2018-06-26,14.02,14.43,13.99,14.23,4,36080
@SB,2018-06-27,13.99,14.43,13.80,13.83,5,36254
@SB,2018-06-28,14.01,14.43,13.80,14.03,6,36286
@SB,2018-06-29,14.19,14.43,13.80,14.03,2,35871
@SB,2018-07-02,14.09,14.43,13.29,13.34,3,35975
@SB,2018-07-03,14.22,14.29,13.02,13.17,4,36081
@SB,2018-07-05,14.03,14.07,13.02,13.26,6,36287
@SB,2018-07-06,13.99,14.02,13.02,13.29,2,35872
@SB,2018-07-09,13.43,13.52,13.02,13.18,3,35976
@SB,2018-07-10,13.23,13.52,13.07,13.19,4,36082
@SB,2018-07-11,13.86,14.12,13.02,13.07,5,36255
@SB,2018-07-12,13.25,13.39,12.73,12.86,6,36288
@SB,2018-07-13,13.31,13.39,12.69,12.74,2,35873
@SB,2018-07-16,13.19,13.30,12.64,12.92,3,35977
@SB,2018-07-17,13.17,13.21,12.64,12.91,4,36083
@SB,2018-07-18,13.06,13.17,12.64,12.86,5,36256
@SB,2018-07-19,12.88,13.17,12.64,12.75,6,36289
@SB,2018-07-20,12.71,13.17,12.64,12.90,2,35874
@SB,2018-07-23,12.93,13.08,12.71,12.86,3,35978
@SB,2018-07-24,12.87,13.08,12.71,12.97,4,36084
@SB,2018-07-25,12.86,13.13,12.71,12.97,5,36257
@SB,2018-07-26,12.72,13.13,12.61,12.81,6,36290
@SB,2018-07-27,12.96,13.13,12.61,12.66,2,35875
@SB,2018-07-30,12.86,13.13,12.58,12.60,3,35979
@SB,2018-07-31,13.01,13.13,12.23,12.33,4,36085
@SB,2018-08-01,12.98,13.04,12.17,12.26,5,36258
@SB,2018-08-02,12.80,12.90,12.15,12.37,6,36291
@SB,2018-08-03,12.73,12.83,12.15,12.63,2,35876
@SB,2018-08-06,12.61,12.91,12.15,12.76,3,35980
@SB,2018-08-07,12.34,12.91,12.15,12.66,4,36086
@SB,2018-08-08,12.35,12.91,12.15,12.59,5,36259
@SB,2018-08-09,12.36,12.91,12.34,12.62,6,36292
@SB,2018-08-10,12.71,12.91,12.21,12.32,2,35877
@SB,2018-08-13,12.74,12.87,11.99,12.08,3,35981
@SB,2018-08-13,12.60,12.79,11.99,12.08,5,36260
@SB,2018-08-14,12.68,12.79,11.99,12.12,4,36087
@SB,2018-08-15,12.06,12.27,12.00,12.01,5,36158
@SB,2018-08-16,12.57,12.61,11.99,12.08,6,36293
@SB,2018-08-17,12.33,12.33,11.89,11.96,2,35878
@SB,2018-08-20,12.06,12.27,11.76,11.87,3,35982
@SB,2018-08-21,12.13,12.24,11.76,11.95,4,36088
@SB,2018-08-22,12.03,12.21,11.69,11.96,5,36159
@SB,2018-08-23,12.08,12.14,11.69,11.90,6,36294
@SB,2018-08-24,12.00,12.26,11.69,12.01,2,35879
@SB,2018-08-27,11.83,12.34,11.69,12.29,3,35983
@SB,2018-08-28,11.88,12.34,11.69,12.09,4,36089
@SB,2018-08-29,11.92,12.34,11.81,12.15,5,36160
@SB,2018-08-30,11.86,12.47,11.86,12.35,6,36295
@SB,2018-08-31,12.09,12.51,12.00,12.38,2,35880
@SB,2018-08-31,12.25,12.51,12.00,12.38,3,35984
@SB,2018-09-04,12.08,12.51,12.02,12.42,4,36090
@SB,2018-09-05,12.09,12.75,12.09,12.67,5,36161
@SB,2018-09-06,12.35,12.75,12.23,12.58,6,36296
@SB,2018-09-07,12.42,12.81,12.27,12.79,2,35881
@SB,2018-09-10,12.42,13.05,12.27,12.98,3,35985
@SB,2018-09-11,12.42,13.05,12.27,12.96,4,36091
@SB,2018-09-12,12.53,13.49,12.50,13.45,5,36162
@SB,2018-09-13,12.58,13.58,12.55,13.46,6,36297
@SB,2018-09-14,12.83,13.58,12.78,12.94,2,35882
@SB,2018-09-17,12.99,13.58,12.38,12.41,3,35986
@SB,2018-09-18,12.94,13.58,12.21,12.30,4,36092
@SB,2018-09-19,13.42,13.58,12.21,12.54,5,36163
@SB,2018-09-20,13.42,13.46,12.21,12.58,6,36298
@SB,2018-09-21,12.87,12.90,12.21,12.62,2,35883
@SB,2018-09-24,12.48,12.88,12.05,12.17,3,35987
@SB,2018-09-25,12.32,12.88,12.03,12.09,4,36093
@SB,2018-09-26,12.58,12.88,11.79,11.85,5,36164
@SB,2018-09-27,12.69,12.76,11.74,11.85,6,36299
@SB,2018-09-28,12.62,12.64,11.74,12.14,2,35884
@SB,2018-10-01,12.27,12.73,11.74,12.55,3,35988
@SB,2018-10-02,12.09,13.20,11.74,13.01,4,36094
@SB,2018-10-03,11.86,13.32,11.74,13.17,5,36165
@SB,2018-10-04,11.84,13.32,11.80,13.27,6,36300
@SB,2018-10-05,12.11,13.64,11.97,13.57,2,35885
@SB,2018-10-08,12.55,13.92,12.51,13.88,3,35989
@SB,2018-10-09,13.03,13.93,12.85,13.91,4,36095
@SB,2018-10-10,13.17,14.08,12.99,13.79,5,36166
@SB,2018-10-11,13.27,14.08,13.26,13.86,6,36301
@SB,2018-10-12,13.65,14.33,13.56,14.01,2,35886
@SB,2018-10-15,13.88,14.49,13.56,14.37,3,35990
@SB,2018-10-16,13.86,14.49,13.56,14.19,4,36096
@SB,2018-10-17,13.76,14.70,13.57,14.67,5,36167
@SB,2018-10-18,14.01,14.89,13.84,14.81,6,36302
@SB,2018-10-19,14.04,14.89,13.98,14.83,2,35887
@SB,2018-10-22,14.37,14.89,14.13,14.76,3,35991
@SB,2018-10-23,14.19,14.89,14.17,14.75,4,36097
@SB,2018-10-24,14.67,15.18,14.47,14.95,5,36168
@SB,2018-10-25,14.76,15.18,14.60,14.91,6,36303
@SB,2018-10-26,14.79,15.18,14.62,14.78,2,35888
@SB,2018-10-29,14.76,15.18,14.39,14.44,3,35992
@SB,2018-10-30,14.67,15.18,14.11,14.26,4,36098
@SB,2018-10-31,14.96,15.16,14.08,14.13,5,36169
@SB,2018-11-01,14.84,14.99,14.02,14.13,6,36304
@SB,2018-11-02,14.78,14.99,14.02,14.38,2,35889
@SB,2018-11-05,14.44,14.48,14.02,14.09,3,35993
@SB,2018-11-06,14.24,14.48,13.83,13.90,4,36099
@SB,2018-11-07,14.06,14.48,13.83,13.95,5,36170
@SB,2018-11-08,14.17,14.44,13.72,13.78,6,36305
@SB,2018-11-09,14.38,14.38,13.59,13.67,2,35890
@SB,2018-11-12,14.06,14.17,13.59,13.88,3,35994
@SB,2018-11-13,13.95,14.11,13.51,13.55,4,36100
@SB,2018-11-14,13.95,14.10,13.47,13.59,5,36171
@SB,2018-11-15,13.74,14.10,13.47,13.59,6,36306
@SB,2018-11-16,13.75,14.10,13.47,13.63,2,35891
@SB,2018-11-19,13.85,13.92,13.47,13.74,3,35995
@SB,2018-11-20,13.50,13.92,13.30,13.40,4,36101
@SB,2018-11-21,13.68,13.92,13.30,13.62,5,36172
@SB,2018-11-23,13.63,13.92,13.27,13.41,2,35892
@SB,2018-11-26,13.83,13.85,13.27,13.42,3,35996
@SB,2018-11-27,13.51,13.72,13.26,13.28,4,36102
@SB,2018-11-28,13.52,13.81,13.26,13.78,5,36173
@SB,2018-11-29,13.59,14.15,13.26,13.81,6,36307
@SB,2018-11-30,13.45,14.15,13.26,13.78,2,35893
@SB,2018-12-03,13.43,14.15,13.26,13.85,3,35997
@SB,2018-12-04,13.32,14.15,13.30,13.69,4,36103
@SB,2018-12-05,13.76,14.15,13.56,13.66,5,36174
@SB,2018-12-06,13.81,14.01,13.43,13.58,6,36308
@SB,2018-12-07,13.89,14.01,13.43,13.81,2,35894
@SB,2018-12-10,13.85,14.01,13.43,13.66,3,35998
@SB,2018-12-11,13.68,14.01,13.43,13.77,4,36104
@SB,2018-12-12,13.65,14.01,13.43,13.68,5,36175
@SB,2018-12-13,13.60,14.01,13.37,13.69,6,36309
@SB,2018-12-14,13.77,13.84,13.37,13.59,2,35895
@SB,2018-12-17,13.66,13.84,13.37,13.43,3,35999
@SB,2018-12-18,13.79,13.84,13.20,13.24,4,36105
@SB,2018-12-19,13.66,13.82,13.20,13.41,5,36176
@SB,2018-12-20,13.69,13.82,13.20,13.37,6,36310
@SB,2018-12-21,13.59,13.82,13.17,13.28,2,35896
@SB,2018-12-24,13.43,13.82,13.17,13.34,3,36000
@SB,2018-12-26,13.41,13.45,13.17,13.33,5,36177
@SB,2018-12-27,13.37,13.45,13.17,13.19,6,36311
@SB,2018-12-28,13.28,13.45,13.12,13.33,2,35897
@SB,2018-12-31,13.34,13.45,12.97,12.97,3,36001
@SB,2019-01-02,13.33,13.39,12.77,12.87,5,36178
@SB,2019-01-03,13.21,13.39,12.63,12.63,6,36312
@SB,2019-01-04,13.33,13.35,12.63,12.87,2,35898
@SB,2019-01-07,13.04,13.61,12.63,13.59,3,36002
@SB,2019-01-08,13.24,13.82,12.63,13.70,4,36106
@SB,2019-01-09,12.82,13.88,12.63,13.81,5,36179
@SB,2019-01-10,12.69,13.88,12.67,13.61,6,36313
@SB,2019-01-11,12.89,13.88,12.88,13.72,2,35899
@SB,2019-01-14,13.60,13.88,13.53,13.69,3,36003
@SB,2019-01-15,13.72,14.13,13.56,14.10,4,36107
@SB,2019-01-16,13.79,14.21,13.56,14.11,5,36180
@SB,2019-01-17,13.64,14.21,13.57,13.79,6,36314
@SB,2019-01-18,13.69,14.21,13.57,13.97,2,35900
@SB,2019-01-18,13.70,14.21,13.66,13.97,3,36004
@SB,2019-01-22,14.10,14.21,13.76,13.87,4,36108
@SB,2019-01-23,14.06,14.09,13.76,13.91,5,36181
@SB,2019-01-24,13.79,14.02,13.76,13.92,6,36315
@SB,2019-01-25,14.02,14.02,13.31,13.38,2,35901
@SB,2019-01-28,14.02,14.02,13.31,13.73,3,36005
@SB,2019-01-29,13.85,14.01,13.31,13.63,4,36109
@SB,2019-01-30,13.91,14.01,13.31,13.47,5,36182
@SB,2019-01-31,13.93,13.95,13.31,13.67,6,36316
@SB,2019-02-01,13.41,13.87,13.40,13.54,2,35902
@SB,2019-02-04,13.73,13.83,13.41,13.79,3,36006
@SB,2019-02-05,13.67,13.87,13.41,13.76,4,36110
@SB,2019-02-06,13.49,13.87,13.45,13.84,5,36183
@SB,2019-02-07,13.64,13.87,13.45,13.67,6,36317
@SB,2019-02-08,13.58,13.87,13.45,13.65,2,35903
@SB,2019-02-11,13.82,13.87,13.51,13.61,3,36007
@SB,2019-02-12,13.71,13.86,13.51,13.79,4,36111
@SB,2019-02-13,13.84,13.86,13.51,13.69,5,36184
@SB,2019-02-14,13.68,13.86,13.46,13.55,6,36318
@SB,2019-02-15,13.66,14.19,13.46,14.08,2,35904
@SB,2019-02-15,13.64,14.19,13.46,14.08,3,36008
@SB,2019-02-19,13.81,14.32,13.46,14.29,4,36112
@SB,2019-02-20,13.71,14.44,13.46,14.38,5,36185
@SB,2019-02-21,13.61,14.44,13.59,14.20,6,36319
@SB,2019-02-22,14.08,14.44,14.08,14.30,2,35905
@SB,2019-02-25,14.08,14.44,13.95,14.00,3,36009
@SB,2019-02-26,14.28,14.44,13.80,13.85,4,36113
@SB,2019-02-27,14.34,14.38,13.80,13.97,5,36186
@SB,2019-02-28,14.17,14.37,13.64,13.78,6,36320
@SB,2019-03-01,14.30,14.36,13.61,13.62,2,35906
@SB,2019-03-04,14.01,14.10,13.35,13.36,3,36010
@SB,2019-03-05,13.88,14.00,13.35,13.44,4,36114
@SB,2019-03-06,14.00,14.00,13.15,13.16,5,36187
@SB,2019-03-07,13.85,13.88,13.08,13.14,6,36321
@SB,2019-03-08,13.62,13.73,13.08,13.18,2,35907
@SB,2019-03-11,13.39,13.56,13.08,13.29,3,36011
@SB,2019-03-12,13.47,13.47,13.08,13.33,4,36115
@SB,2019-03-13,13.20,13.47,13.08,13.36,5,36188
@SB,2019-03-14,13.19,13.69,13.11,13.41,6,36322
@SB,2019-03-15,13.21,13.69,13.17,13.52,2,35908
@SB,2019-03-18,13.29,13.87,13.17,13.84,3,36012
@SB,2019-03-19,13.35,13.87,13.24,13.78,4,36116
@SB,2019-03-20,13.37,13.87,13.26,13.74,5,36189
@SB,2019-03-21,13.44,13.87,13.26,13.50,6,36323
@SB,2019-03-22,13.60,13.87,13.43,13.57,2,35909
@SB,2019-03-25,13.83,13.83,13.33,13.48,3,36013
@SB,2019-03-26,13.76,13.80,13.33,13.59,4,36117
@SB,2019-03-27,13.74,13.74,13.33,13.58,5,36190
@SB,2019-03-28,13.50,13.73,13.33,13.53,6,36324
@SB,2019-03-29,13.59,13.73,13.33,13.53,2,35910
@SB,2019-04-01,13.52,13.73,13.29,13.67,3,36014
@SB,2019-04-02,13.59,13.77,13.29,13.66,4,36118
@SB,2019-04-03,13.57,13.77,13.29,13.42,5,36191
@SB,2019-04-04,13.55,13.80,13.29,13.71,6,36325
@SB,2019-04-05,13.53,13.84,13.29,13.76,2,35911
@SB,2019-04-08,13.66,13.84,13.38,13.57,3,36015
@SB,2019-04-09,13.65,13.84,13.38,13.78,4,36119
@SB,2019-04-10,13.48,13.84,13.40,13.81,5,36192
@SB,2019-04-11,13.72,13.84,13.49,13.66,6,36326
@SB,2019-04-12,13.72,13.83,13.49,13.77,2,35912
@SB,2019-04-15,13.58,13.83,13.52,13.66,3,36016
@SB,2019-04-16,13.78,13.83,13.43,13.51,4,36120
@SB,2019-04-17,13.77,13.81,13.31,13.35,5,36193
@SB,2019-04-18,13.67,13.79,13.31,13.76,6,36327
@SB,2019-04-22,13.68,13.80,13.31,13.54,3,36017
@SB,2019-04-23,13.54,13.80,13.31,13.67,4,36121
@SB,2019-04-24,13.36,13.80,13.33,13.67,5,36194
@SB,2019-04-25,13.72,13.80,13.43,13.46,6,36328
@SB,2019-04-26,13.74,13.80,13.29,13.42,2,35913
@SB,2019-04-29,13.49,13.73,13.07,13.10,3,36018
@SB,2019-04-30,13.62,13.73,13.07,13.11,4,36122
@SB,2019-05-01,13.67,13.71,12.87,12.98,5,36195
@SB,2019-05-02,13.49,13.53,12.87,13.00,6,36329
@SB,2019-05-03,13.40,13.52,12.74,12.78,2,35914
@SB,2019-05-06,13.15,13.52,12.61,12.65,3,36019
@SB,2019-05-07,13.15,13.16,12.61,12.72,4,36123
@SB,2019-05-08,13.02,13.10,12.41,12.42,5,36196
@SB,2019-05-09,13.01,13.02,12.41,12.55,6,36330
@SB,2019-05-10,12.72,12.92,12.41,12.49,2,35915
@SB,2019-05-13,12.66,12.92,12.41,12.61,3,36020
@SB,2019-05-14,12.77,12.92,12.41,12.71,4,36124
@SB,2019-05-15,12.43,12.92,12.42,12.62,5,36197
@SB,2019-05-16,12.60,12.92,12.43,12.55,6,36331
@SB,2019-05-17,12.50,12.83,12.20,12.32,2,35916
@SB,2019-05-20,12.60,12.83,12.20,12.39,3,36021
@SB,2019-05-21,12.77,12.83,12.13,12.58,4,36125
@SB,2019-05-22,12.58,12.72,12.13,12.39,5,36198
@SB,2019-05-23,12.52,12.72,12.13,12.34,6,36332
@SB,2019-05-24,12.38,12.72,12.13,12.43,2,35917
@SB,2019-05-24,12.40,12.72,12.13,12.43,3,36022
@SB,2019-05-28,12.64,12.72,12.19,12.52,4,36126
@SB,2019-05-29,12.39,12.78,12.19,12.64,5,36199
@SB,2019-05-30,12.41,12.78,12.33,12.53,6,36333
@SB,2019-05-31,12.50,12.90,12.37,12.87,2,35918
@SB,2019-06-03,12.50,12.99,12.37,12.96,3,36023
@SB,2019-06-04,12.57,13.22,12.37,13.19,4,36127
@SB,2019-06-05,12.60,13.30,12.37,12.98,5,36200
@SB,2019-06-06,12.50,13.30,12.37,13.28,6,36334
@SB,2019-06-07,12.90,13.30,12.72,13.27,2,35919
@SB,2019-06-10,12.97,13.30,12.85,13.17,3,36024
@SB,2019-06-11,13.19,13.31,12.86,13.31,4,36128
@SB,2019-06-12,12.97,13.40,12.86,13.39,5,36201
@SB,2019-06-13,13.26,13.52,13.04,13.52,6,36335
@SB,2019-06-14,13.26,13.55,13.04,13.52,2,35920
@SB,2019-06-17,13.21,13.55,13.04,13.43,3,36025
@SB,2019-06-18,13.28,13.55,13.23,13.38,4,36129
@SB,2019-06-19,13.37,13.55,13.18,13.27,5,36202
@SB,2019-06-20,13.51,13.55,13.18,13.20,6,36336
@SB,2019-06-21,13.52,13.54,12.94,13.00,2,35921
@SB,2019-06-24,13.43,13.43,12.90,12.99,3,36026
@SB,2019-06-25,13.31,13.34,12.90,13.09,4,36130
@SB,2019-06-26,13.20,13.27,12.81,12.84,5,36203
@SB,2019-06-27,13.19,13.31,12.81,13.30,6,36337
@SB,2019-06-28,12.94,13.36,12.81,13.14,2,35922
@SB,2019-07-01,13.02,13.36,12.81,13.09,3,36027
@SB,2019-07-02,13.11,13.36,12.77,12.87,4,36131
@SB,2019-07-03,12.87,13.36,12.77,13.06,5,36204
@SB,2019-07-05,13.23,13.34,12.77,12.88,2,35923
@SB,2019-07-08,13.06,13.17,12.77,12.97,3,36028
@SB,2019-07-09,12.87,13.17,12.78,12.87,4,36132
@SB,2019-07-10,13.09,13.17,12.78,13.02,5,36205
@SB,2019-07-11,13.30,13.36,12.77,12.90,6,36338
@SB,2019-07-12,12.90,13.14,12.78,12.82,2,35924
@SB,2019-07-15,12.95,13.14,12.47,12.58,3,36029
@SB,2019-07-16,12.92,13.14,12.42,12.51,4,36133
@SB,2019-07-17,13.02,13.14,12.28,12.31,5,36206
@SB,2019-07-18,12.90,12.94,12.05,12.07,6,36339
@SB,2019-07-19,12.82,12.84,12.05,12.11,2,35925
@SB,2019-07-22,12.58,12.66,12.05,12.08,3,36030
@SB,2019-07-23,12.57,12.66,11.91,12.50,4,36134
@SB,2019-07-24,12.33,12.75,11.91,12.58,5,36207
@SB,2019-07-25,12.11,12.75,11.91,12.52,6,36340
@SB,2019-07-26,12.13,12.75,11.91,12.54,2,35926
@SB,2019-07-29,12.08,12.75,11.91,12.59,3,36031
@SB,2019-07-30,12.46,12.82,12.37,12.67,4,36135
@SB,2019-07-31,12.64,12.82,12.45,12.73,5,36208
@SB,2019-08-01,12.54,12.82,12.45,12.64,6,36341
@SB,2019-08-02,12.56,12.82,12.41,12.54,2,35927
@SB,2019-08-05,12.59,12.82,12.21,12.34,3,36032
@SB,2019-08-06,12.67,12.75,12.21,12.25,4,36136
@SB,2019-08-07,12.68,12.74,11.79,11.86,5,36209
@SB,2019-08-08,12.63,12.64,11.79,11.95,6,36342
@SB,2019-08-09,12.49,12.56,11.79,12.38,2,35928
@SB,2019-08-12,12.30,12.52,11.79,12.08,3,36033
@SB,2019-08-13,12.27,12.48,11.79,12.24,4,36137
@SB,2019-08-14,11.89,12.48,11.85,12.13,5,36210
@SB,2019-08-15,11.95,12.48,11.95,12.15,6,36343
@SB,2019-08-16,12.41,12.48,12.00,12.16,2,35929
@SB,2019-08-19,12.12,12.35,11.93,11.99,3,36034
@SB,2019-08-20,12.24,12.33,11.89,11.96,4,36138
@SB,2019-08-21,12.14,12.26,11.89,11.91,5,36211
@SB,2019-08-22,12.14,12.21,11.89,12.10,6,36344
@SB,2019-08-23,12.12,12.17,11.89,11.99,2,35930
@SB,2019-08-26,11.95,12.17,11.89,11.95,3,36035
@SB,2019-08-27,11.96,12.17,11.68,11.76,4,36139
@SB,2019-08-28,11.93,12.17,11.61,11.89,5,36212
@SB,2019-08-29,12.13,12.17,11.61,11.73,6,36345
@SB,2019-08-30,11.97,12.13,11.57,11.66,2,35931
@SB,2019-08-30,11.94,12.00,11.57,11.66,3,36036
@SB,2019-09-03,11.78,11.98,11.57,11.71,4,36140
@SB,2019-09-04,11.90,11.97,11.52,11.53,5,36213
@SB,2019-09-05,11.72,11.92,11.38,11.49,6,36346
@SB,2019-09-06,11.72,11.92,11.38,11.54,2,35932
@SB,2019-09-09,11.72,11.92,11.38,11.44,3,36037
@SB,2019-09-10,11.68,11.79,11.37,11.40,4,36141
@SB,2019-09-11,11.56,11.66,11.25,11.33,5,36214
@SB,2019-09-12,11.52,11.62,11.20,11.28,6,36347
@SB,2019-09-13,11.57,11.62,11.20,11.41,2,35933
@SB,2019-09-16,11.41,11.86,11.20,11.61,3,36038
@SB,2019-09-17,11.40,11.86,11.20,11.46,4,36142
@SB,2019-09-18,11.32,11.86,11.20,11.52,5,36215
@SB,2019-09-19,11.25,11.86,11.24,11.51,6,36348
@SB,2019-09-20,11.60,11.86,11.40,11.61,2,35934
@SB,2019-09-23,11.60,11.82,11.40,11.75,3,36039
@SB,2019-09-24,11.42,12.04,11.40,11.95,4,36143
@SB,2019-09-25,11.53,12.24,11.44,12.20,5,36216
@SB,2019-09-26,11.52,12.26,11.49,12.16,6,36349
@SB,2019-09-27,11.64,12.26,11.64,12.16,2,35935
@SB,2019-09-30,11.73,12.39,11.71,12.19,3,36040
@SB,2019-10-01,11.95,12.44,11.93,12.42,4,36144
@SB,2019-10-02,12.24,12.47,12.05,12.43,5,36217
@SB,2019-10-03,12.10,12.47,12.05,12.28,6,36350
@SB,2019-10-04,12.16,12.47,12.11,12.30,2,35936
@SB,2019-10-07,12.19,12.47,11.85,12.06,3,36041
@SB,2019-10-08,12.42,12.47,11.85,12.00,4,36145
@SB,2019-10-09,12.41,12.43,11.85,11.95,5,36218
@SB,2019-10-10,12.26,12.37,11.85,11.95,6,36351
@SB,2019-10-11,12.25,12.25,11.76,11.95,2,35937
@SB,2019-10-14,12.13,12.13,11.76,12.06,3,36042
@SB,2019-10-15,11.97,12.16,11.76,12.13,4,36146
@SB,2019-10-16,11.93,12.16,11.76,11.89,5,36219
@SB,2019-10-17,11.94,12.16,11.75,11.78,6,36352
@SB,2019-10-18,11.98,12.16,11.74,11.86,2,35938
@SB,2019-10-21,12.04,12.16,11.74,11.81,3,36043
@SB,2019-10-22,12.07,12.09,11.64,11.72,4,36147
@SB,2019-10-23,11.88,12.00,11.59,11.69,5,36220
@SB,2019-10-24,11.75,11.93,11.59,11.84,6,36353
@SB,2019-10-25,11.88,11.95,11.59,11.89,2,35939
@SB,2019-10-28,11.81,12.13,11.59,12.08,3,36044
@SB,2019-10-29,11.67,12.13,11.59,11.88,4,36148
@SB,2019-10-30,11.71,12.13,11.71,11.95,5,36221
@SB,2019-10-31,11.95,12.13,11.78,12.02,6,36354
@SB,2019-11-01,11.89,12.13,11.78,12.02,2,35940
@SB,2019-11-04,12.07,12.11,11.78,12.05,3,36045
@SB,2019-11-05,11.88,12.27,11.78,12.25,4,36149
@SB,2019-11-06,11.96,12.27,11.85,12.10,5,36222
@SB,2019-11-07,12.01,12.27,11.88,11.93,6,36355
@SB,2019-11-08,12.02,12.27,11.83,12.11,2,35941
@SB,2019-11-11,12.05,12.27,11.83,12.11,3,36046
@SB,2019-11-12,12.25,12.25,11.83,12.13,4,36150
@SB,2019-11-13,12.10,12.45,11.83,12.39,5,36223
@SB,2019-11-14,11.90,12.45,11.83,12.35,6,36356
@SB,2019-11-15,12.10,12.45,12.00,12.27,2,35942
@SB,2019-11-18,12.16,12.45,12.05,12.30,3,36047
@SB,2019-11-19,12.16,12.45,12.11,12.23,4,36151
@SB,2019-11-20,12.37,12.43,12.14,12.29,5,36224
@SB,2019-11-21,12.35,12.38,12.11,12.15,6,36357
@SB,2019-11-22,12.27,12.41,12.11,12.37,2,35943
@SB,2019-11-25,12.22,12.41,12.11,12.36,3,36048
@SB,2019-11-26,12.23,12.43,12.11,12.32,4,36152
@SB,2019-11-27,12.28,12.43,12.11,12.33,5,36225
@SB,2019-11-29,12.32,12.55,12.20,12.48,2,35944
@SB,2019-12-02,12.34,12.55,12.20,12.29,3,36049
@SB,2019-12-03,12.28,12.55,12.26,12.40,4,36153
@SB,2019-12-04,12.34,12.64,12.27,12.60,5,36226
@SB,2019-12-05,12.17,12.71,12.16,12.62,6,36358
@SB,2019-12-06,12.51,12.75,12.27,12.72,2,35945
@SB,2019-12-09,12.29,12.96,12.28,12.92,3,36050
@SB,2019-12-10,12.43,13.03,12.42,13.00,4,36154
@SB,2019-12-11,12.60,13.05,12.54,12.96,5,36227
@SB,2019-12-12,12.62,13.09,12.61,13.06,6,36359
@SB,2019-12-13,12.75,13.21,12.73,13.04,2,35946
@SB,2019-12-16,12.92,13.21,12.76,12.83,3,36051
@SB,2019-12-17,13.00,13.21,12.76,12.81,4,36155
@SB,2019-12-18,12.92,13.21,12.76,12.97,5,36228
@SB,2019-12-19,13.06,13.21,12.76,13.09,6,36360
@SB,2019-12-20,12.99,13.16,12.76,13.08,2,35947
@SB,2019-12-23,12.86,13.16,12.77,12.99,3,36052
@SB,2019-12-24,12.81,13.16,12.80,12.91,4,36156
@SB,2019-12-26,13.09,13.13,12.90,12.98,6,36361
@SB,2019-12-27,13.08,13.14,12.90,13.08,2,35948
@SB,2019-12-30,13.01,13.14,12.90,13.07,3,36053
@SB,2019-12-31,13.08,13.12,12.93,12.96,2,35949
@SB,2019-12-31,13.08,13.10,12.93,12.96,3,36054
@SB,2019-12-31,12.91,13.14,12.90,12.96,4,36157
@SB,2019-12-31,17.30,17.59,12.90,12.96,5,36229
@SB,2019-12-31,13.02,13.14,12.93,12.96,6,36362
